id,repo_id,release_line_id,prev_release_id,curr_release_id,is_first_adoption,is_first_adoption_line
1,450,2,7,6,1,1
2,450,2,6,5,0,0
3,450,2,5,4,0,0
4,450,2,4,3,0,0
5,450,2,3,2,0,0
15,1649,1,111,109,1,1
16,1649,1,109,108,0,0
17,1649,1,108,106,0,0
18,1649,1,106,105,0,0
19,1649,1,105,102,0,0
20,1649,1,102,101,0,0
21,1649,1,101,100,0,0
22,1649,1,100,98,0,0
23,1649,1,98,97,0,0
24,1649,1,97,94,0,0
25,1651,1,138,136,1,1
27,2403,1,159,158,1,1
28,2403,1,158,157,0,0
29,2403,1,157,156,0,0
30,2403,1,156,155,0,0
31,2403,1,155,154,0,0
32,2403,1,154,153,0,0
33,2403,1,153,152,0,0
34,2403,1,152,151,0,0
35,2403,1,151,150,0,0
36,2403,1,150,149,0,0
37,2403,1,149,148,0,0
38,2403,1,148,147,0,0
39,2403,1,147,146,0,0
40,2403,1,146,145,0,0
41,2403,1,145,144,0,0
42,2403,1,144,143,0,0
43,4803,1,273,272,1,1
44,5542,1,290,289,1,1
45,5542,1,289,288,0,0
46,5542,1,288,287,0,0
47,5542,1,287,286,0,0
48,5542,1,286,285,0,0
49,5542,1,285,283,0,0
50,5542,1,283,282,0,0
51,5542,1,282,281,0,0
52,5542,1,281,280,0,0
53,5542,1,280,279,0,0
54,5542,1,279,278,0,0
55,5542,1,278,277,0,0
56,5542,1,277,276,0,0
57,5542,1,276,275,0,0
82,6567,1,307,306,1,1
83,6567,1,306,305,0,0
84,6567,1,305,304,0,0
85,6567,1,304,303,0,0
86,6567,1,303,302,0,0
87,6567,1,302,301,0,0
88,6567,1,301,300,0,0
89,6567,1,300,299,0,0
90,6567,1,299,298,0,0
91,6567,1,298,297,0,0
92,6567,1,297,296,0,0
93,6567,1,296,295,0,0
94,6567,1,295,294,0,0
95,6567,1,294,293,0,0
96,6567,1,293,292,0,0
97,6567,1,292,291,0,0
98,6704,1,345,341,1,1
99,6704,1,341,340,0,0
100,6704,1,340,339,0,0
101,6704,1,339,338,0,0
102,6704,1,338,337,0,0
103,6704,1,337,336,0,0
104,7651,4,509,508,0,1
106,7653,4,552,551,1,1
107,7704,1,665,664,1,1
108,7704,1,664,663,0,0
109,7704,1,663,662,0,0
110,7704,1,662,660,0,0
111,7704,1,660,659,0,0
112,7704,1,659,658,0,0
113,7704,1,658,653,0,0
114,7704,1,653,646,0,0
115,7704,1,646,645,0,0
116,7704,1,645,644,0,0
117,7704,1,644,639,0,0
118,7704,1,639,632,0,0
119,7782,1,675,674,0,1
120,7782,1,674,672,0,0
124,7782,2,683,682,1,1
125,7782,2,682,681,0,0
126,7782,2,681,680,0,0
127,7782,2,680,679,0,0
128,7782,2,679,678,0,0
129,7782,4,677,676,0,1
130,7991,1,693,692,1,1
168,9673,1,744,743,1,1
169,9673,1,743,742,0,0
170,9673,1,742,741,0,0
171,9673,1,741,740,0,0
172,9673,1,740,739,0,0
173,9673,1,739,738,0,0
174,9673,1,738,737,0,0
175,9673,1,737,736,0,0
176,9673,1,736,735,0,0
177,9673,1,735,734,0,0
178,9673,1,734,733,0,0
179,9673,1,733,732,0,0
180,9673,1,732,731,0,0
181,9673,1,731,730,0,0
182,9673,1,730,729,0,0
183,9673,1,729,728,0,0
184,9673,1,728,727,0,0
185,9673,1,727,726,0,0
186,9673,1,726,725,0,0
187,9673,1,725,724,0,0
188,9673,1,724,723,0,0
189,9673,1,723,720,0,0
190,9673,1,720,719,0,0
191,9673,1,719,718,0,0
192,9673,1,718,717,0,0
193,9673,1,717,716,0,0
194,9673,1,716,715,0,0
195,9673,1,715,714,0,0
196,9673,1,714,713,0,0
197,9673,1,713,712,0,0
198,9673,1,712,711,0,0
199,9685,1,792,790,1,1
202,9731,1,820,819,1,1
203,9731,1,819,817,0,0
204,9731,1,817,816,0,0
205,9731,1,816,815,0,0
206,9731,1,815,814,0,0
207,9731,1,814,813,0,0
208,9731,1,813,812,0,0
209,9731,1,812,811,0,0
210,9731,1,811,810,0,0
211,9731,1,810,809,0,0
212,9731,1,809,808,0,0
213,9731,1,808,807,0,0
214,9731,1,807,806,0,0
215,9731,1,806,805,0,0
216,9731,1,805,804,0,0
217,9731,1,804,803,0,0
218,9731,1,803,802,0,0
219,9731,1,802,801,0,0
220,9731,1,801,800,0,0
221,9731,1,800,799,0,0
222,9731,1,799,798,0,0
223,9731,1,798,797,0,0
224,9731,1,797,796,0,0
225,9731,1,796,795,0,0
226,10841,1,838,837,1,1
227,10853,1,844,843,1,1
228,10853,1,843,842,0,0
229,10853,1,842,841,0,0
230,10853,1,841,840,0,0
231,10853,1,840,839,0,0
237,11179,1,851,847,1,1
238,11179,1,847,846,0,0
239,11179,1,846,845,0,0
255,11436,2,873,861,1,1
262,11436,7,870,869,0,1
263,11436,7,869,868,0,0
264,11436,7,868,867,0,0
265,11436,7,867,866,0,0
267,11941,1,910,909,1,1
268,11941,1,909,908,0,0
270,12596,1,915,914,1,1
274,13655,1,968,967,1,1
275,13655,1,967,966,0,0
276,13655,1,966,965,0,0
277,13655,1,965,964,0,0
278,13655,1,964,963,0,0
279,13815,1,996,995,0,1
280,13815,1,995,994,0,0
281,13815,1,994,993,0,0
282,13815,1,993,992,0,0
283,13815,1,992,991,0,0
284,13815,1,991,990,0,0
285,13815,1,990,989,0,0
286,13815,1,989,988,0,0
297,13815,6,983,982,0,1
298,13815,6,982,981,0,0
299,13815,6,981,980,0,0
300,13815,7,987,986,0,1
301,13815,7,986,984,0,0
304,13815,10,979,978,0,1
305,13908,1,1022,1021,1,1
376,16508,6,1245,1177,1,1
381,16636,1,1348,1347,1,1
382,16636,1,1347,1346,0,0
383,16636,1,1346,1345,0,0
384,16636,1,1345,1344,0,0
385,16636,1,1344,1343,0,0
386,16636,1,1343,1340,0,0
387,16636,1,1340,1336,0,0
394,16649,1,1441,1440,1,1
395,16649,1,1440,1439,0,0
396,16649,1,1439,1438,0,0
406,16876,1,1452,1451,1,1
407,16876,1,1451,1450,0,0
408,16876,1,1450,1449,0,0
439,17600,1,1524,1522,1,1
440,17600,1,1522,1521,0,0
441,17600,1,1521,1520,0,0
442,17600,1,1520,1519,0,0
443,17600,1,1519,1518,0,0
444,17600,1,1518,1517,0,0
445,17600,1,1517,1516,0,0
446,17600,1,1516,1515,0,0
447,17600,1,1515,1514,0,0
448,18376,1,1600,1599,0,1
449,18376,1,1599,1595,0,0
450,18376,1,1595,1594,0,0
451,18376,1,1594,1593,0,0
452,18376,1,1593,1592,0,0
453,18376,1,1592,1591,0,0
454,18376,1,1591,1588,0,0
455,18376,1,1588,1587,0,0
456,18376,1,1587,1582,0,0
457,18376,1,1582,1580,0,0
458,18376,1,1580,1579,0,0
459,18376,1,1579,1578,0,0
460,18376,1,1578,1574,0,0
461,18376,1,1574,1570,0,0
462,18376,1,1570,1561,0,0
463,18376,2,1567,1564,0,1
464,18376,3,1609,1604,1,1
465,18376,3,1604,1603,0,0
466,18376,3,1603,1602,0,0
467,18376,3,1602,1601,0,0
468,18376,3,1601,1581,0,0
469,18376,5,1572,1571,0,1
470,18376,5,1571,1568,0,0
471,18376,5,1568,1565,0,0
472,18376,8,1566,1563,0,1
473,18376,8,1563,1562,0,0
474,18376,10,1590,1584,0,1
475,18376,12,1576,1573,0,1
476,18376,13,1589,1583,0,1
478,18423,1,1613,1612,1,1
479,18423,1,1612,1611,0,0
480,18758,1,1618,1617,1,1
481,18758,1,1617,1616,0,0
500,19203,1,1623,1622,1,1
501,19203,1,1622,1621,0,0
502,19203,1,1621,1620,0,0
522,19251,1,1657,1655,1,1
523,19251,1,1655,1654,0,0
524,19251,1,1654,1653,0,0
525,19251,1,1653,1652,0,0
526,19251,1,1652,1649,0,0
527,19251,1,1649,1648,0,0
528,19251,1,1648,1647,0,0
529,19251,1,1647,1646,0,0
542,20474,1,1722,1721,1,1
543,20474,1,1721,1720,0,0
544,20474,1,1720,1719,0,0
545,20474,1,1719,1718,0,0
546,20474,1,1718,1717,0,0
547,20474,1,1717,1716,0,0
548,20474,1,1716,1715,0,0
592,20869,1,1766,1760,1,1
593,20869,1,1760,1759,0,0
594,20869,1,1759,1758,0,0
595,20869,1,1758,1757,0,0
596,20869,1,1757,1756,0,0
597,20869,1,1756,1755,0,0
598,20869,1,1755,1754,0,0
599,20869,1,1754,1753,0,0
600,20869,1,1753,1752,0,0
601,20869,1,1752,1751,0,0
602,20869,1,1751,1750,0,0
603,20869,1,1750,1749,0,0
604,20869,1,1749,1748,0,0
605,20869,1,1748,1747,0,0
606,20869,1,1747,1746,0,0
607,20869,1,1746,1745,0,0
608,20869,1,1745,1744,0,0
609,20869,1,1744,1743,0,0
610,20869,1,1743,1742,0,0
611,20869,1,1742,1741,0,0
612,20869,1,1741,1740,0,0
613,20869,1,1740,1739,0,0
614,20869,1,1739,1738,0,0
615,20869,1,1738,1737,0,0
616,20869,1,1737,1736,0,0
617,20869,1,1736,1735,0,0
622,21283,2,1891,1890,0,1
623,21283,2,1890,1889,0,0
624,21283,2,1889,1888,0,0
625,21283,3,1918,1917,0,1
626,21283,3,1917,1916,0,0
637,21283,6,1900,1899,0,1
638,21283,6,1899,1898,0,0
639,21283,6,1898,1897,0,0
641,21283,8,1845,1844,0,1
642,21283,8,1844,1843,0,0
643,21283,9,1910,1909,0,1
644,21283,12,1841,1840,0,1
645,21283,13,1881,1880,0,1
646,21283,13,1880,1879,0,0
647,21283,13,1879,1878,0,0
648,21283,14,1886,1885,0,1
649,21283,15,1915,1914,0,1
650,21283,15,1914,1913,0,0
651,21283,16,1872,1871,0,1
652,21283,16,1871,1870,0,0
653,21283,16,1870,1869,0,0
656,21283,21,1896,1895,0,1
658,21283,24,1855,1853,0,1
659,21283,24,1853,1852,0,0
660,21283,24,1852,1851,0,0
661,21283,24,1851,1850,0,0
664,21283,27,1884,1883,0,1
665,21283,27,1883,1882,0,0
666,21283,28,1867,1866,0,1
667,21283,28,1866,1865,0,0
668,21283,28,1865,1864,0,0
669,21283,30,1903,1902,0,1
670,21283,30,1902,1901,0,0
672,21283,32,1894,1893,0,1
673,21283,32,1893,1892,0,0
674,21283,33,1862,1857,0,1
675,21283,33,1857,1842,0,0
677,21283,35,1906,1905,0,1
678,21283,35,1905,1904,0,0
680,21283,38,1921,1856,1,1
683,21283,47,1908,1907,0,1
686,21643,1,1996,1995,1,1
687,21643,1,1995,1994,0,0
688,21643,1,1994,1993,0,0
689,21643,1,1993,1992,0,0
690,21643,1,1992,1991,0,0
691,21643,1,1991,1990,0,0
692,21643,1,1990,1989,0,0
693,21643,1,1989,1988,0,0
694,21643,1,1988,1987,0,0
695,21643,1,1987,1985,0,0
696,21643,1,1985,1984,0,0
711,22246,1,2058,2057,1,1
712,22246,1,2057,2056,0,0
713,22246,1,2056,2054,0,0
714,22246,1,2054,2053,0,0
715,22246,1,2053,2050,0,0
716,22246,1,2050,2049,0,0
720,23336,1,2096,2095,1,1
721,23507,1,2163,2162,1,1
722,23507,1,2162,2161,0,0
723,23507,1,2161,2160,0,0
724,23507,1,2160,2159,0,0
725,23507,1,2159,2158,0,0
726,23507,1,2158,2157,0,0
727,23507,1,2157,2156,0,0
728,23507,1,2156,2155,0,0
729,23507,1,2155,2154,0,0
730,23507,1,2154,2153,0,0
731,23507,1,2153,2152,0,0
732,23507,1,2152,2151,0,0
733,23507,1,2151,2150,0,0
734,23507,1,2150,2149,0,0
735,23507,1,2149,2148,0,0
736,23507,1,2148,2147,0,0
737,23507,1,2147,2146,0,0
738,23507,1,2146,2145,0,0
739,23507,1,2145,2144,0,0
740,23507,1,2144,2143,0,0
741,23507,1,2143,2142,0,0
742,23507,1,2142,2141,0,0
743,23507,1,2141,2140,0,0
744,23507,1,2140,2139,0,0
745,23507,1,2139,2138,0,0
746,23507,1,2138,2137,0,0
747,23507,1,2137,2136,0,0
748,23507,1,2136,2135,0,0
749,23507,1,2135,2134,0,0
750,23507,1,2134,2133,0,0
751,23507,1,2133,2132,0,0
752,23507,1,2132,2131,0,0
753,23507,1,2131,2130,0,0
754,23507,1,2130,2129,0,0
755,23507,1,2129,2128,0,0
756,23507,1,2128,2127,0,0
757,23507,1,2127,2126,0,0
758,23507,1,2126,2125,0,0
759,23507,1,2125,2124,0,0
760,23507,1,2124,2123,0,0
761,23507,1,2123,2122,0,0
762,23507,1,2122,2121,0,0
763,23507,1,2121,2120,0,0
764,23507,1,2120,2119,0,0
765,23507,1,2119,2115,0,0
766,23507,1,2115,2114,0,0
767,23507,1,2114,2113,0,0
768,23507,1,2113,2112,0,0
769,23507,1,2112,2111,0,0
770,23507,1,2111,2110,0,0
771,23507,1,2110,2109,0,0
772,23507,1,2109,2108,0,0
773,23507,1,2108,2107,0,0
774,23507,1,2107,2106,0,0
775,23507,1,2106,2105,0,0
776,23507,1,2105,2104,0,0
777,23507,1,2104,2103,0,0
778,23507,1,2103,2102,0,0
780,25052,2,2295,2294,1,1
781,25052,2,2294,2293,0,0
782,25052,2,2293,2291,0,0
787,26111,1,2334,2333,1,1
788,26111,1,2333,2332,0,0
789,26111,1,2332,2331,0,0
790,26111,1,2331,2330,0,0
791,26111,1,2330,2329,0,0
792,26111,1,2329,2328,0,0
793,26111,1,2328,2327,0,0
794,26111,1,2327,2326,0,0
795,26111,1,2326,2325,0,0
796,26111,1,2325,2324,0,0
797,26111,1,2324,2323,0,0
798,26111,1,2323,2322,0,0
799,26111,1,2322,2321,0,0
800,26111,1,2321,2320,0,0
801,26111,1,2320,2319,0,0
802,26111,1,2319,2318,0,0
803,26111,1,2318,2317,0,0
822,27289,19,2389,2388,0,1
825,27289,33,2387,2386,0,1
826,27289,33,2386,2385,0,0
827,27289,33,2385,2384,0,0
828,27289,35,2352,2351,0,1
829,27289,35,2351,2350,0,0
832,27289,53,2359,2358,0,1
833,28338,2,2477,2476,0,1
834,28338,3,2488,2487,0,1
835,28338,3,2487,2486,0,0
836,28338,6,2483,2482,0,1
837,28338,7,2480,2479,0,1
838,28338,7,2479,2478,0,0
839,28338,9,2496,2495,1,1
840,28338,9,2495,2494,0,0
841,28338,13,2475,2474,0,1
842,28338,16,2465,2464,0,1
843,28338,23,2485,2484,0,1
844,28453,1,2503,2502,1,1
845,28453,1,2502,2501,0,0
846,28453,1,2501,2500,0,0
847,28453,1,2500,2499,0,0
848,28453,1,2499,2498,0,0
857,29055,1,2514,2513,1,1
858,29055,1,2513,2512,0,0
859,29055,1,2512,2511,0,0
860,29055,1,2511,2510,0,0
861,29536,1,2542,2541,1,1
862,29536,1,2541,2540,0,0
864,29556,1,2548,2547,1,1
865,29556,1,2547,2546,0,0
866,29556,1,2546,2545,0,0
867,29556,1,2545,2544,0,0
868,29556,1,2544,2543,0,0
869,29747,1,2552,2551,1,1
870,29747,1,2551,2550,0,0
871,30262,1,2560,2559,1,1
872,30262,1,2559,2558,0,0
873,30262,1,2558,2557,0,0
874,30262,1,2557,2556,0,0
875,30262,1,2556,2555,0,0
876,30262,1,2555,2554,0,0
877,30262,1,2554,2553,0,0
884,32031,1,2578,2577,1,1
885,32211,1,2586,2585,1,1
921,34150,1,2637,2636,1,1
922,34151,1,2639,2638,1,1
923,34392,1,2663,2662,1,1
924,34392,1,2662,2661,0,0
925,34392,1,2661,2660,0,0
926,34392,1,2660,2659,0,0
927,34392,1,2659,2658,0,0
928,34392,1,2658,2657,0,0
929,34392,1,2657,2656,0,0
930,34392,1,2656,2655,0,0
931,34392,1,2655,2654,0,0
932,34392,1,2654,2653,0,0
933,34392,1,2653,2652,0,0
934,34392,1,2652,2651,0,0
935,34392,1,2651,2650,0,0
936,34392,1,2650,2649,0,0
937,34392,1,2649,2648,0,0
938,34392,1,2648,2647,0,0
939,34392,1,2647,2646,0,0
940,34392,1,2646,2645,0,0
941,34392,1,2645,2644,0,0
942,34392,1,2644,2643,0,0
943,34392,1,2643,2642,0,0
944,35527,1,2673,2672,1,1
954,35600,1,2717,2716,1,1
955,35600,1,2716,2715,0,0
956,35600,1,2715,2714,0,0
957,35600,1,2714,2713,0,0
958,35600,1,2713,2712,0,0
959,35600,1,2712,2711,0,0
960,35600,1,2711,2710,0,0
961,35600,1,2710,2709,0,0
962,35600,1,2709,2708,0,0
963,35600,1,2708,2707,0,0
964,35600,1,2707,2706,0,0
965,35600,1,2706,2705,0,0
966,35600,1,2705,2704,0,0
967,35600,1,2704,2703,0,0
968,35600,1,2703,2702,0,0
969,35600,1,2702,2701,0,0
970,35600,1,2701,2700,0,0
971,35600,1,2700,2699,0,0
972,35600,1,2699,2698,0,0
973,35600,1,2698,2697,0,0
974,35600,1,2697,2696,0,0
975,35600,1,2696,2695,0,0
976,35600,1,2695,2694,0,0
977,35600,1,2694,2693,0,0
978,35600,1,2693,2692,0,0
979,35600,1,2692,2691,0,0
980,35600,1,2691,2690,0,0
981,35600,1,2690,2689,0,0
982,35600,1,2689,2688,0,0
983,35600,1,2688,2687,0,0
984,35600,1,2687,2686,0,0
985,35600,1,2686,2685,0,0
986,35600,1,2685,2683,0,0
987,35600,1,2683,2682,0,0
988,35600,1,2682,2681,0,0
989,35600,1,2681,2680,0,0
990,35600,1,2680,2679,0,0
991,35600,1,2679,2678,0,0
992,35600,1,2678,2677,0,0
993,35600,1,2677,2676,0,0
994,35600,1,2676,2675,0,0
995,35600,1,2675,2674,0,0
996,35647,1,2728,2727,1,1
997,35685,1,2739,2738,1,1
998,35685,1,2738,2737,0,0
999,35685,1,2737,2736,0,0
1000,35685,1,2736,2735,0,0
1001,35685,1,2735,2734,0,0
1002,35685,1,2734,2733,0,0
1003,35685,1,2733,2732,0,0
1004,35685,1,2732,2731,0,0
1005,35685,1,2731,2730,0,0
1006,35685,1,2730,2729,0,0
1008,36447,4,2768,2767,0,1
1012,36447,10,2763,2762,0,1
1013,36447,12,2756,2755,0,1
1042,37456,4,2788,2787,1,1
1043,37456,4,2787,2786,0,0
1044,37456,4,2786,2785,0,0
1045,37457,1,2830,2826,1,1
1046,37457,1,2826,2825,0,0
1047,37457,1,2825,2824,0,0
1048,37457,1,2824,2823,0,0
1049,37457,1,2823,2822,0,0
1050,38249,1,2835,2834,1,1
1051,38249,1,2834,2833,0,0
1052,38249,1,2833,2832,0,0
1053,38249,1,2832,2831,0,0
1069,38359,1,2868,2867,1,1
1070,38359,1,2867,2866,0,0
1071,38359,1,2866,2865,0,0
1072,38359,1,2865,2864,0,0
1073,38359,1,2864,2863,0,0
1074,38359,1,2863,2862,0,0
1075,38359,1,2862,2861,0,0
1076,38359,1,2861,2860,0,0
1077,38359,1,2860,2859,0,0
1078,38359,1,2859,2858,0,0
1079,38359,1,2858,2857,0,0
1080,38359,1,2857,2856,0,0
1081,38359,1,2856,2855,0,0
1082,38359,1,2855,2854,0,0
1083,38359,1,2854,2853,0,0
1084,38359,1,2853,2852,0,0
1085,38359,1,2852,2851,0,0
1086,38359,1,2851,2850,0,0
1087,38359,1,2850,2849,0,0
1088,38359,1,2849,2848,0,0
1089,38359,1,2848,2847,0,0
1090,38359,1,2847,2846,0,0
1091,38359,1,2846,2845,0,0
1092,38359,1,2845,2844,0,0
1093,38359,1,2844,2843,0,0
1094,38359,1,2843,2842,0,0
1095,38359,1,2842,2841,0,0
1096,38359,1,2841,2840,0,0
1097,38359,1,2840,2839,0,0
1098,38359,1,2839,2838,0,0
1099,38359,1,2838,2837,0,0
1100,38359,1,2837,2836,0,0
1107,38593,1,2889,2888,1,1
1108,38593,1,2888,2887,0,0
1112,38714,1,2910,2909,1,1
1113,38714,1,2909,2908,0,0
1114,38714,1,2908,2907,0,0
1115,38714,1,2907,2906,0,0
1116,38714,1,2906,2905,0,0
1117,38714,1,2905,2904,0,0
1118,38714,1,2904,2903,0,0
1119,38714,1,2903,2902,0,0
1120,38714,1,2902,2901,0,0
1121,38714,1,2901,2900,0,0
1122,38714,1,2900,2899,0,0
1123,39072,1,2916,2915,1,1
1124,39231,1,2919,2918,1,1
1125,39231,1,2918,2917,0,0
1126,39880,2,2947,2946,1,1
1127,39880,2,2946,2945,0,0
1128,40772,1,2999,2997,1,1
1129,40772,1,2997,2996,0,0
1130,40772,1,2996,2995,0,0
1131,40772,1,2995,2994,0,0
1132,40772,1,2994,2993,0,0
1133,40772,1,2993,2992,0,0
1134,40772,1,2992,2991,0,0
1135,41254,1,3072,3071,1,1
1136,41254,1,3071,3070,0,0
1137,41254,1,3070,3069,0,0
1138,41254,1,3069,3068,0,0
1139,41254,1,3068,3067,0,0
1140,41254,1,3067,3066,0,0
1141,41254,1,3066,3065,0,0
1142,41254,1,3065,3064,0,0
1143,41254,1,3064,3063,0,0
1144,41254,1,3063,3062,0,0
1145,41254,1,3062,3061,0,0
1146,41254,1,3061,3060,0,0
1147,41254,1,3060,3059,0,0
1148,41254,1,3059,3058,0,0
1149,41254,1,3058,3057,0,0
1150,41330,1,3090,3089,1,1
1151,41330,1,3089,3088,0,0
1152,41330,1,3088,3087,0,0
1153,41330,1,3087,3086,0,0
1154,41330,1,3086,3085,0,0
1155,41330,1,3085,3084,0,0
1156,41330,1,3084,3083,0,0
1157,41330,1,3083,3082,0,0
1158,43244,1,3239,3238,1,1
1165,44148,1,3273,3270,1,1
1166,44148,1,3270,3269,0,0
1167,44148,1,3269,3268,0,0
1168,44148,1,3268,3267,0,0
1169,44148,1,3267,3265,0,0
1170,44148,1,3265,3264,0,0
1171,44148,1,3264,3262,0,0
1172,44148,1,3262,3261,0,0
1173,44148,1,3261,3260,0,0
1174,44148,1,3260,3259,0,0
1175,44148,1,3259,3258,0,0
1176,44148,1,3258,3255,0,0
1177,44148,1,3255,3254,0,0
1178,44148,1,3254,3253,0,0
1179,44148,1,3253,3250,0,0
1180,44148,1,3250,3249,0,0
1181,44148,1,3249,3248,0,0
1182,44148,1,3248,3247,0,0
1183,44148,1,3247,3246,0,0
1184,44148,1,3246,3245,0,0
1185,44148,1,3245,3244,0,0
1186,44148,1,3244,3242,0,0
1187,44148,1,3242,3241,0,0
1200,44792,1,3288,3287,1,1
1201,44792,1,3287,3286,0,0
1202,44792,1,3286,3285,0,0
1203,44792,1,3285,3284,0,0
1204,44792,1,3284,3283,0,0
1205,44792,1,3283,3282,0,0
1206,44792,1,3282,3281,0,0
1207,46637,1,3345,3344,1,1
1208,46637,1,3344,3343,0,0
1209,46637,1,3343,3342,0,0
1216,46650,7,3349,3347,0,1
1225,46785,1,3380,3379,1,1
1226,46785,1,3379,3377,0,0
1227,46785,1,3377,3376,0,0
1228,46785,1,3376,3375,0,0
1229,46785,1,3375,3374,0,0
1230,46785,1,3374,3373,0,0
1231,46785,1,3373,3372,0,0
1232,46785,1,3372,3371,0,0
1233,46785,1,3371,3370,0,0
1234,46785,1,3370,3369,0,0
1235,46785,1,3369,3368,0,0
1236,47695,1,3394,3393,1,1
1237,47695,1,3393,3392,0,0
1238,47885,1,3400,3398,1,1
1239,47885,1,3398,3395,0,0
1240,48282,1,3408,3407,1,1
1241,48282,1,3407,3406,0,0
1242,48282,1,3406,3405,0,0
1243,48282,1,3405,3404,0,0
1244,48282,1,3404,3403,0,0
1245,48282,1,3403,3402,0,0
1249,48449,1,3414,3410,1,1
1250,48449,1,3410,3409,0,0
1275,48921,5,3440,3439,0,1
1276,48921,8,3438,3437,0,1
1277,48921,8,3437,3436,0,0
1278,49284,1,3507,3506,0,1
1279,49284,1,3506,3505,0,0
1280,49284,1,3505,3504,0,0
1281,49284,1,3504,3503,0,0
1282,49284,1,3503,3502,0,0
1283,49284,1,3502,3501,0,0
1284,49284,1,3501,3500,0,0
1285,49284,1,3500,3499,0,0
1286,49284,1,3499,3497,0,0
1289,49284,2,3519,3518,1,1
1290,49284,2,3518,3517,0,0
1291,49284,2,3517,3516,0,0
1292,49284,2,3516,3515,0,0
1293,49284,2,3515,3514,0,0
1294,49284,2,3514,3513,0,0
1295,49284,2,3513,3512,0,0
1296,49284,2,3512,3511,0,0
1297,49284,2,3511,3510,0,0
1298,49284,2,3510,3509,0,0
1299,49284,2,3509,3508,0,0
1303,50845,21,4266,4265,1,1
1327,52204,1,4344,4343,1,1
1328,52204,1,4343,4342,0,0
1329,52204,1,4342,4341,0,0
1330,52204,1,4341,4340,0,0
1331,52204,1,4340,4339,0,0
1332,52204,1,4339,4338,0,0
1333,52204,1,4338,4337,0,0
1334,52204,1,4337,4336,0,0
1335,52204,1,4336,4335,0,0
1336,52204,1,4335,4334,0,0
1337,52204,1,4334,4333,0,0
1338,52204,1,4333,4332,0,0
1339,52204,1,4332,4331,0,0
1340,52204,1,4331,4329,0,0
1341,52204,1,4329,4328,0,0
1342,52204,1,4328,4327,0,0
1343,52204,1,4327,4326,0,0
1344,52204,1,4326,4325,0,0
1345,52204,1,4325,4324,0,0
1346,52204,1,4324,4323,0,0
1347,52204,1,4323,4322,0,0
1348,52204,1,4322,4321,0,0
1349,52204,1,4321,4320,0,0
1350,52204,1,4320,4318,0,0
1351,52204,1,4318,4317,0,0
1352,52204,1,4317,4316,0,0
1353,52204,1,4316,4315,0,0
1354,52204,1,4315,4313,0,0
1367,53462,1,4386,4385,1,1
1368,53462,1,4385,4384,0,0
1369,53462,1,4384,4383,0,0
1370,53462,1,4383,4381,0,0
1371,53462,1,4381,4380,0,0
1372,53462,1,4380,4379,0,0
1373,53462,1,4379,4378,0,0
1374,53462,1,4378,4377,0,0
1376,54253,1,4418,4417,1,1
1377,54253,1,4417,4416,0,0
1378,54253,1,4416,4415,0,0
1379,54253,1,4415,4414,0,0
1380,54253,1,4414,4413,0,0
1381,54253,1,4413,4412,0,0
1382,54253,1,4412,4411,0,0
1383,54253,1,4411,4410,0,0
1384,54253,1,4410,4408,0,0
1385,54253,1,4408,4407,0,0
1386,54542,1,4422,4421,1,1
1387,54542,1,4421,4420,0,0
1450,55032,1,4496,4495,1,1
1451,55032,1,4495,4494,0,0
1452,55032,1,4494,4493,0,0
1453,55032,1,4493,4492,0,0
1454,55032,1,4492,4491,0,0
1455,55032,1,4491,4490,0,0
1456,55032,1,4490,4489,0,0
1457,55032,1,4489,4488,0,0
1458,55032,1,4488,4487,0,0
1459,55032,1,4487,4486,0,0
1460,55032,1,4486,4485,0,0
1461,55032,1,4485,4484,0,0
1462,55032,1,4484,4483,0,0
1463,55589,1,4571,4570,1,1
1464,55589,1,4570,4569,0,0
1465,55589,1,4569,4568,0,0
1466,55589,1,4568,4567,0,0
1467,55589,1,4567,4566,0,0
1468,55589,1,4566,4565,0,0
1469,55589,1,4565,4564,0,0
1470,55592,1,4635,4634,1,1
1471,55592,1,4634,4633,0,0
1472,55592,1,4633,4632,0,0
1473,55592,1,4632,4631,0,0
1474,55592,1,4631,4630,0,0
1475,55592,1,4630,4629,0,0
1476,55592,1,4629,4628,0,0
1477,55592,1,4628,4627,0,0
1478,55592,1,4627,4626,0,0
1479,55592,1,4626,4625,0,0
1480,55592,1,4625,4624,0,0
1481,55592,1,4624,4617,0,0
1482,55592,1,4617,4612,0,0
1483,55592,1,4612,4611,0,0
1484,55592,1,4611,4610,0,0
1485,55592,1,4610,4609,0,0
1486,55592,1,4609,4608,0,0
1487,55592,1,4608,4607,0,0
1488,55592,1,4607,4606,0,0
1489,55592,1,4606,4605,0,0
1490,55592,1,4605,4604,0,0
1491,55592,1,4604,4603,0,0
1492,55592,1,4603,4602,0,0
1493,55592,1,4602,4601,0,0
1494,55592,1,4601,4600,0,0
1495,55592,1,4600,4588,0,0
1496,55592,1,4588,4585,0,0
1497,55592,1,4585,4583,0,0
1498,55592,1,4583,4582,0,0
1499,55592,1,4582,4579,0,0
1500,55592,1,4579,4577,0,0
1501,55592,1,4577,4576,0,0
1502,55592,1,4576,4575,0,0
1503,55592,1,4575,4572,0,0
1504,55592,2,4598,4597,0,1
1505,55592,2,4597,4596,0,0
1506,55592,2,4596,4595,0,0
1507,55592,2,4595,4594,0,0
1508,55592,4,4581,4580,0,1
1509,55592,7,4587,4586,0,1
1510,55592,8,4593,4592,0,1
1511,55592,8,4592,4591,0,0
1512,55592,10,4574,4573,0,1
1531,55594,1,4675,4674,1,1
1532,55594,1,4674,4673,0,0
1533,55594,1,4673,4672,0,0
1534,55594,1,4672,4671,0,0
1535,55594,1,4671,4670,0,0
1536,55594,1,4670,4669,0,0
1537,55594,1,4669,4668,0,0
1538,55594,1,4668,4667,0,0
1539,55594,1,4667,4666,0,0
1540,55594,1,4666,4665,0,0
1541,55594,1,4665,4664,0,0
1542,55594,1,4664,4663,0,0
1543,55594,1,4663,4662,0,0
1544,55594,1,4662,4661,0,0
1545,55594,1,4661,4660,0,0
1546,55594,1,4660,4659,0,0
1547,55594,1,4659,4658,0,0
1548,55594,1,4658,4657,0,0
1549,55594,1,4657,4656,0,0
1550,55594,1,4656,4655,0,0
1551,55594,1,4655,4654,0,0
1552,55594,1,4654,4653,0,0
1553,55594,1,4653,4652,0,0
1554,55594,1,4652,4650,0,0
1555,55594,1,4650,4649,0,0
1556,55594,1,4649,4648,0,0
1557,55594,1,4648,4647,0,0
1558,55594,1,4647,4646,0,0
1559,55594,1,4646,4645,0,0
1560,55594,1,4645,4644,0,0
1561,55594,1,4644,4642,0,0
1562,55594,1,4642,4641,0,0
1563,55594,1,4641,4640,0,0
1564,55594,1,4640,4639,0,0
1565,55594,1,4639,4638,0,0
1566,55594,1,4638,4637,0,0
1567,55594,1,4637,4636,0,0
1574,56457,2,4775,4773,0,1
1575,56457,2,4773,4771,0,0
1576,56457,2,4771,4769,0,0
1596,56457,5,4767,4765,0,1
1597,56457,5,4765,4763,0,0
1599,56457,7,4844,4841,0,1
1600,56457,7,4841,4839,0,0
1601,56457,7,4839,4837,0,0
1602,56457,7,4837,4836,0,0
1603,56457,7,4836,4834,0,0
1604,56457,9,4823,4820,0,1
1616,56457,15,4817,4815,0,1
1619,56457,19,4780,4779,0,1
1620,56457,19,4779,4778,0,0
1621,56457,20,4790,4788,0,1
1622,56457,20,4788,4787,0,0
1623,56457,22,4799,4797,0,1
1624,56457,22,4797,4795,0,0
1625,56457,22,4795,4793,0,0
1626,56457,23,4785,4784,0,1
1627,56457,23,4784,4783,0,0
1631,56457,27,4756,4755,0,1
1633,56457,29,4808,4804,0,1
1636,56457,31,4761,4759,0,1
1637,56457,32,4851,4852,0,1
1638,56457,32,4852,4849,0,0
1639,56457,32,4849,4850,0,0
1640,56457,32,4850,4848,0,0
1641,56457,33,4831,4830,0,1
1642,56457,33,4830,4829,0,0
1672,56906,1,4986,4985,1,1
1673,56906,1,4985,4984,0,0
1674,56906,1,4984,4983,0,0
1675,56906,1,4983,4982,0,0
1676,56906,1,4982,4981,0,0
1677,56906,1,4981,4980,0,0
1678,56906,1,4980,4979,0,0
1679,56906,1,4979,4978,0,0
1680,56906,1,4978,4977,0,0
1681,56906,1,4977,4976,0,0
1682,56906,1,4976,4975,0,0
1683,56906,1,4975,4974,0,0
1684,56906,1,4974,4973,0,0
1685,56906,1,4973,4972,0,0
1686,56906,1,4972,4971,0,0
1687,56906,1,4971,4970,0,0
1688,56906,1,4970,4969,0,0
1689,56906,1,4969,4968,0,0
1690,56906,1,4968,4967,0,0
1691,56906,1,4967,4966,0,0
1696,57380,1,5030,5029,1,1
1698,57435,1,5041,5040,0,1
1706,57435,7,5044,5043,0,1
1707,57435,7,5043,5042,0,0
1714,57435,12,5039,5038,0,1
1715,57649,1,5268,5267,1,1
1716,57992,1,5275,5274,1,1
1717,57992,1,5274,5273,0,0
1718,57992,1,5273,5272,0,0
1719,57992,1,5272,5271,0,0
1720,58507,1,5360,5359,1,1
1721,58507,1,5359,5357,0,0
1722,58507,1,5357,5356,0,0
1723,58507,1,5356,5355,0,0
1724,58507,1,5355,5354,0,0
1725,58507,1,5354,5353,0,0
1726,58507,1,5353,5352,0,0
1727,58507,1,5352,5351,0,0
1728,58507,1,5351,5350,0,0
1729,58507,1,5350,5349,0,0
1730,58507,1,5349,5348,0,0
1731,58507,1,5348,5347,0,0
1732,58507,1,5347,5346,0,0
1733,58507,1,5346,5345,0,0
1734,58507,1,5345,5344,0,0
1735,58507,1,5344,5343,0,0
1736,58507,1,5343,5342,0,0
1737,58507,1,5342,5341,0,0
1738,58507,1,5341,5340,0,0
1739,58507,1,5340,5339,0,0
1740,58507,1,5339,5338,0,0
1741,58507,1,5338,5336,0,0
1742,58507,1,5336,5335,0,0
1743,58507,1,5335,5334,0,0
1744,58507,1,5334,5333,0,0
1745,58507,1,5333,5332,0,0
1746,58507,1,5332,5331,0,0
1747,58507,1,5331,5330,0,0
1748,58507,1,5330,5329,0,0
1749,58507,1,5329,5328,0,0
1750,58507,1,5328,5327,0,0
1751,58507,1,5327,5326,0,0
1752,58507,1,5326,5325,0,0
1753,58507,1,5325,5324,0,0
1754,58507,1,5324,5323,0,0
1755,58507,1,5323,5322,0,0
1756,58507,1,5322,5321,0,0
1757,58507,1,5321,5320,0,0
1758,58507,1,5320,5319,0,0
1759,58507,1,5319,5318,0,0
1760,58507,1,5318,5317,0,0
1761,58507,1,5317,5316,0,0
1762,58507,1,5316,5313,0,0
1763,58507,1,5313,5312,0,0
1764,58507,1,5312,5311,0,0
1765,58507,1,5311,5310,0,0
1766,58507,1,5310,5309,0,0
1767,58507,1,5309,5308,0,0
1768,58507,1,5308,5307,0,0
1769,58507,1,5307,5306,0,0
1770,58507,1,5306,5305,0,0
1771,58507,1,5305,5304,0,0
1772,58507,1,5304,5303,0,0
1773,58507,1,5303,5302,0,0
1774,58507,1,5302,5301,0,0
1775,58507,1,5301,5300,0,0
1776,58507,1,5300,5299,0,0
1777,58507,1,5299,5298,0,0
1778,58507,1,5298,5295,0,0
1779,58507,1,5295,5294,0,0
1780,58507,1,5294,5290,0,0
1781,58507,1,5290,5288,0,0
1782,58507,1,5288,5287,0,0
1783,58507,1,5287,5284,0,0
1784,59159,1,5373,5372,0,1
1785,59159,1,5372,5371,0,0
1786,59159,1,5371,5370,0,0
1787,59159,1,5370,5369,0,0
1788,59159,1,5369,5368,0,0
1789,59159,1,5368,5367,0,0
1791,59312,1,5394,5393,1,1
1792,59312,1,5393,5392,0,0
1793,59312,1,5392,5391,0,0
1794,59312,1,5391,5390,0,0
1795,59312,1,5390,5389,0,0
1796,59312,1,5389,5388,0,0
1797,59312,1,5388,5387,0,0
1798,59312,1,5387,5386,0,0
1799,59312,1,5386,5385,0,0
1800,59312,1,5385,5384,0,0
1801,59312,1,5384,5383,0,0
1802,59312,1,5383,5382,0,0
1803,59312,1,5382,5381,0,0
1804,59312,1,5381,5380,0,0
1805,59312,1,5380,5379,0,0
1806,59312,1,5379,5378,0,0
1807,59312,1,5378,5377,0,0
1808,60373,1,5420,5419,1,1
1809,60373,1,5419,5418,0,0
1810,60549,1,5427,5426,1,1
1811,60549,1,5426,5425,0,0
1812,60549,1,5425,5424,0,0
1813,60549,1,5424,5423,0,0
1814,60549,1,5423,5422,0,0
1815,60549,1,5422,5421,0,0
1816,61189,1,5452,5451,1,1
1817,61189,1,5451,5450,0,0
1818,61189,1,5450,5449,0,0
1819,61189,1,5449,5448,0,0
1820,61493,1,5459,5458,1,1
1826,61817,1,5720,5719,1,1
1827,61817,1,5719,5718,0,0
1828,61817,1,5718,5717,0,0
1829,61817,1,5717,5716,0,0
1830,61817,1,5716,5715,0,0
1831,61817,1,5715,5714,0,0
1832,61817,1,5714,5713,0,0
1833,61817,1,5713,5712,0,0
1834,61817,1,5712,5711,0,0
1835,61817,1,5711,5710,0,0
1836,61817,1,5710,5709,0,0
1843,62938,1,5791,5790,1,1
1844,62938,1,5790,5788,0,0
1845,63667,1,5852,5851,1,1
1846,63667,1,5851,5850,0,0
1847,63667,1,5850,5849,0,0
1848,63667,1,5849,5848,0,0
1849,63667,1,5848,5847,0,0
1850,63667,1,5847,5846,0,0
1851,63667,1,5846,5845,0,0
1852,63667,1,5845,5844,0,0
1865,63987,1,5875,5874,1,1
1866,63987,1,5874,5873,0,0
1867,63987,1,5873,5872,0,0
1868,63987,1,5872,5871,0,0
1869,63987,1,5871,5870,0,0
1870,63987,1,5870,5869,0,0
1871,63987,1,5869,5868,0,0
1872,63987,1,5868,5867,0,0
1873,63987,1,5867,5866,0,0
1874,63987,1,5866,5865,0,0
1875,63987,1,5865,5864,0,0
1876,63987,1,5864,5863,0,0
1877,63987,1,5863,5862,0,0
1878,63987,1,5862,5861,0,0
1879,63987,1,5861,5860,0,0
1880,64011,1,5893,5892,1,1
1881,64011,1,5892,5890,0,0
1882,64011,1,5890,5889,0,0
1883,64011,1,5889,5888,0,0
1893,64467,1,5901,5900,1,1
1894,64467,1,5900,5899,0,0
1895,64467,1,5899,5898,0,0
1896,64467,1,5898,5897,0,0
1897,64467,1,5897,5895,0,0
1899,65466,1,5928,5927,1,1
1900,65466,1,5927,5926,0,0
1901,65466,1,5926,5925,0,0
1902,65466,1,5925,5924,0,0
1903,65466,1,5924,5923,0,0
1904,65466,1,5923,5922,0,0
1905,65466,1,5922,5921,0,0
1906,65466,1,5921,5920,0,0
1907,65466,1,5920,5919,0,0
1908,65656,1,5933,5932,1,1
1909,65656,1,5932,5931,0,0
1910,65656,1,5931,5930,0,0
1926,67180,1,6135,6134,1,1
1927,67180,1,6134,6133,0,0
1928,67180,1,6133,6132,0,0
1929,67180,1,6132,6131,0,0
1930,67180,1,6131,6130,0,0
1931,67180,1,6130,6129,0,0
1932,67180,1,6129,6128,0,0
1933,67180,1,6128,6127,0,0
1934,67180,1,6127,6126,0,0
1935,67180,1,6126,6125,0,0
1936,67180,1,6125,6124,0,0
1937,67180,1,6124,6123,0,0
1938,67180,1,6123,6122,0,0
1939,67180,1,6122,6121,0,0
1940,67180,1,6121,6120,0,0
1941,67180,1,6120,6119,0,0
1942,67180,1,6119,6118,0,0
1943,67180,1,6118,6117,0,0
1944,67180,1,6117,6116,0,0
1945,67180,1,6116,6115,0,0
1946,67180,1,6115,6114,0,0
1947,67180,1,6114,6113,0,0
1948,67180,1,6113,6112,0,0
1949,67180,1,6112,6111,0,0
1950,67180,3,6110,6109,0,1
1951,67180,3,6109,6108,0,0
1952,67180,3,6108,6107,0,0
1953,67180,3,6107,6106,0,0
1954,67180,3,6106,6105,0,0
1955,67180,3,6105,6104,0,0
1956,67180,3,6104,6103,0,0
1957,67180,3,6103,6102,0,0
1958,67180,3,6102,6098,0,0
1959,67180,3,6098,6097,0,0
1960,67180,3,6097,6094,0,0
1961,67180,3,6094,6091,0,0
1962,67180,3,6091,6088,0,0
1963,67180,3,6088,6082,0,0
1964,67180,6,6093,6092,0,1
1965,67180,7,6080,6079,0,1
1966,67395,1,6153,6152,1,1
1967,68238,1,6212,6211,1,1
1968,68238,1,6211,6210,0,0
1969,68238,1,6210,6209,0,0
1970,68238,1,6209,6208,0,0
1971,68238,1,6208,6207,0,0
1972,68238,1,6207,6206,0,0
1973,68238,1,6206,6205,0,0
1974,68238,1,6205,6204,0,0
1975,68238,1,6204,6203,0,0
1976,68238,1,6203,6202,0,0
1977,68238,1,6202,6201,0,0
1978,68238,1,6201,6200,0,0
1979,68238,1,6200,6199,0,0
1980,68238,1,6199,6198,0,0
1981,68238,1,6198,6197,0,0
1982,68238,1,6197,6196,0,0
1983,68238,1,6196,6195,0,0
1984,68238,1,6195,6194,0,0
1985,68238,1,6194,6193,0,0
1986,68238,1,6193,6192,0,0
1987,68238,1,6192,6191,0,0
1988,68238,1,6191,6190,0,0
1989,68238,1,6190,6188,0,0
1990,68238,1,6188,6187,0,0
1991,68238,1,6187,6186,0,0
1992,68238,1,6186,6185,0,0
1993,68238,1,6185,6184,0,0
1994,68238,1,6184,6183,0,0
1995,68238,1,6183,6182,0,0
1996,68238,1,6182,6181,0,0
1997,68238,1,6181,6180,0,0
1998,68238,1,6180,6179,0,0
2000,68407,1,6219,6218,1,1
2001,68753,1,6226,6225,1,1
2002,68753,1,6225,6224,0,0
2003,68753,1,6224,6223,0,0
2004,68753,1,6223,6222,0,0
2005,68753,1,6222,6221,0,0
2023,68793,1,6324,6323,1,1
2024,68793,1,6323,6322,0,0
2025,68793,1,6322,6321,0,0
2026,68793,1,6321,6320,0,0
2027,68793,1,6320,6319,0,0
2028,68793,1,6319,6318,0,0
2029,70228,1,6347,6346,1,1
2030,71469,1,6406,6405,1,1
2031,72038,1,6422,6421,1,1
2032,72038,1,6421,6420,0,0
2033,72038,1,6420,6419,0,0
2034,72038,1,6419,6418,0,0
2035,72038,1,6418,6417,0,0
2036,72099,1,6458,6457,1,1
2037,72099,1,6457,6456,0,0
2038,72099,1,6456,6455,0,0
2039,72099,1,6455,6454,0,0
2040,72099,1,6454,6453,0,0
2041,72099,1,6453,6452,0,0
2042,72099,1,6452,6451,0,0
2043,72099,1,6451,6450,0,0
2044,72099,1,6450,6449,0,0
2045,72099,1,6449,6448,0,0
2046,72099,1,6448,6447,0,0
2047,72099,1,6447,6446,0,0
2048,72099,1,6446,6445,0,0
2049,72099,1,6445,6444,0,0
2050,72099,1,6444,6443,0,0
2051,72099,1,6443,6442,0,0
2052,72099,1,6442,6441,0,0
2053,72099,1,6441,6440,0,0
2054,72099,1,6440,6439,0,0
2055,72099,1,6439,6438,0,0
2056,72099,1,6438,6437,0,0
2057,72099,1,6437,6436,0,0
2058,72099,1,6436,6435,0,0
2059,72099,1,6435,6434,0,0
2060,72099,1,6434,6433,0,0
2061,72099,1,6433,6432,0,0
2062,72099,1,6432,6431,0,0
2063,72099,1,6431,6430,0,0
2064,72099,1,6430,6429,0,0
2065,72099,1,6429,6428,0,0
2066,72099,1,6428,6427,0,0
2067,72099,1,6427,6426,0,0
2068,72099,1,6426,6425,0,0
2077,72168,1,6461,6460,1,1
2078,72168,1,6460,6459,0,0
2079,72301,1,6507,6506,1,1
2080,72301,1,6506,6505,0,0
2081,72301,1,6505,6504,0,0
2082,72301,1,6504,6503,0,0
2083,72301,1,6503,6502,0,0
2084,72301,1,6502,6501,0,0
2085,72641,1,6562,6560,1,1
2086,72764,1,6564,6563,1,1
2087,72777,1,6569,6568,1,1
2088,72777,1,6568,6567,0,0
2089,72777,1,6567,6566,0,0
2090,73012,1,6577,6576,1,1
2093,73812,1,6680,6679,1,1
2094,73812,1,6679,6678,0,0
2095,73812,1,6678,6677,0,0
2096,73812,1,6677,6676,0,0
2097,73812,1,6676,6675,0,0
2098,74182,1,6687,6686,1,1
2099,74182,1,6686,6685,0,0
2100,74182,1,6685,6684,0,0
2101,74182,1,6684,6683,0,0
2108,74385,1,6711,6689,1,1
2109,74385,1,6689,6688,0,0
2134,74928,1,6725,6724,1,1
2135,74928,1,6724,6723,0,0
2136,74928,1,6723,6722,0,0
2137,74928,1,6722,6721,0,0
2138,74928,1,6721,6720,0,0
2139,74928,1,6720,6719,0,0
2140,75634,1,6760,6759,1,1
2141,76562,1,6894,6893,0,1
2142,76562,1,6893,6892,0,0
2143,76562,1,6892,6891,0,0
2150,76562,3,6914,6909,1,1
2151,76562,3,6909,6908,0,0
2152,76562,3,6908,6907,0,0
2153,76562,3,6907,6906,0,0
2154,76562,3,6906,6904,0,0
2155,76562,5,6871,6870,0,1
2156,76562,8,6880,6879,0,1
2157,76562,8,6879,6878,0,0
2158,76562,8,6878,6877,0,0
2159,76562,11,6862,6861,0,1
2160,76562,15,6903,6902,0,1
2161,76562,17,6858,6857,0,1
2162,76562,18,6898,6897,0,1
2163,76562,29,6866,6865,0,1
2164,76562,36,6855,6854,0,1
2217,76664,1,6967,6966,1,1
2218,76664,1,6966,6965,0,0
2219,76664,1,6965,6964,0,0
2220,76664,1,6964,6963,0,0
2221,76664,1,6963,6962,0,0
2222,76664,1,6962,6961,0,0
2223,76664,1,6961,6960,0,0
2224,76664,1,6960,6959,0,0
2225,76664,1,6959,6958,0,0
2226,76664,1,6958,6957,0,0
2227,76664,1,6957,6956,0,0
2228,76664,1,6956,6955,0,0
2229,76664,1,6955,6954,0,0
2230,76664,1,6954,6953,0,0
2231,76664,1,6953,6952,0,0
2232,76664,1,6952,6951,0,0
2233,76664,1,6951,6950,0,0
2234,76664,1,6950,6949,0,0
2235,76664,1,6949,6948,0,0
2236,76664,1,6948,6947,0,0
2237,76664,1,6947,6946,0,0
2238,76664,1,6946,6945,0,0
2239,76664,1,6945,6944,0,0
2240,76664,1,6944,6943,0,0
2241,76664,1,6943,6942,0,0
2242,76664,1,6942,6941,0,0
2243,76664,1,6941,6940,0,0
2244,76664,1,6940,6939,0,0
2245,76664,1,6939,6938,0,0
2246,76664,1,6938,6937,0,0
2247,76664,1,6937,6936,0,0
2248,76664,1,6936,6935,0,0
2249,76664,1,6935,6934,0,0
2250,76664,1,6934,6933,0,0
2251,76664,1,6933,6932,0,0
2252,76664,1,6932,6931,0,0
2253,76664,1,6931,6930,0,0
2254,76664,1,6930,6929,0,0
2255,76664,1,6929,6928,0,0
2256,76664,1,6928,6927,0,0
2257,76664,1,6927,6926,0,0
2258,76664,1,6926,6925,0,0
2259,76664,1,6925,6924,0,0
2260,76664,1,6924,6923,0,0
2261,76664,1,6923,6922,0,0
2262,77688,1,7049,7046,1,1
2263,77688,1,7046,7045,0,0
2264,77688,2,7044,7043,0,1
2265,77688,2,7043,7042,0,0
2266,80235,2,7108,7107,1,1
2267,80287,1,7125,7124,1,1
2268,80287,1,7124,7118,0,0
2269,80287,1,7118,7117,0,0
2270,81090,1,7217,7216,1,1
2271,81090,1,7216,7215,0,0
2272,81090,1,7215,7214,0,0
2273,81090,1,7214,7213,0,0
2274,81090,1,7213,7212,0,0
2275,81090,1,7212,7211,0,0
2277,82034,1,7219,7218,1,1
2279,82290,1,7242,7241,1,1
2280,82290,1,7241,7240,0,0
2281,82290,1,7240,7239,0,0
2282,82290,1,7239,7238,0,0
2283,82290,1,7238,7237,0,0
2284,82290,1,7237,7236,0,0
2285,82290,1,7236,7235,0,0
2286,82290,1,7235,7234,0,0
2287,82290,1,7234,7233,0,0
2288,82290,1,7233,7231,0,0
2289,82290,1,7231,7227,0,0
2290,82290,1,7227,7225,0,0
2291,82290,1,7225,7223,0,0
2292,82290,5,7230,7229,0,1
2293,82290,5,7229,7228,0,0
2299,82451,1,7248,7247,1,1
2300,82451,1,7247,7246,0,0
2301,82451,1,7246,7245,0,0
2302,82451,1,7245,7244,0,0
2303,82779,1,7261,7260,1,1
2311,83446,2,7299,7298,0,1
2312,83446,2,7298,7297,0,0
2314,83446,5,7308,7307,0,1
2315,83446,6,7302,7301,0,1
2316,83446,6,7301,7300,0,0
2318,83446,11,7306,7305,0,1
2320,83446,14,7304,7303,0,1
2325,84418,1,7345,7344,1,1
2326,84418,1,7344,7343,0,0
2339,85311,1,7366,7365,1,1
2340,85311,1,7365,7364,0,0
2341,85311,1,7364,7363,0,0
2342,85311,1,7363,7362,0,0
2343,85311,1,7362,7361,0,0
2344,85311,1,7361,7360,0,0
2345,85311,1,7360,7359,0,0
2346,85311,1,7359,7358,0,0
2347,85311,1,7358,7357,0,0
2348,85311,1,7357,7356,0,0
2349,85311,1,7356,7355,0,0
2350,85311,1,7355,7354,0,0
2351,85311,1,7354,7353,0,0
2352,85311,1,7353,7352,0,0
2353,85311,1,7352,7351,0,0
2354,85311,1,7351,7350,0,0
2355,85311,1,7350,7349,0,0
2356,85311,1,7349,7348,0,0
2357,85565,2,7393,7392,1,1
2358,85565,2,7392,7391,0,0
2359,85609,5,7406,7398,1,1
2360,86500,1,7428,7427,1,1
2361,86500,1,7427,7426,0,0
2362,86500,1,7426,7425,0,0
2363,86500,1,7425,7424,0,0
2364,86500,1,7424,7423,0,0
2365,86500,1,7423,7422,0,0
2366,86500,1,7422,7421,0,0
2367,86500,1,7421,7420,0,0
2368,86500,1,7420,7419,0,0
2369,86500,1,7419,7418,0,0
2370,86500,1,7418,7417,0,0
2371,86500,1,7417,7416,0,0
2372,86500,1,7416,7415,0,0
2373,86500,1,7415,7414,0,0
2374,86500,1,7414,7413,0,0
2375,86500,1,7413,7412,0,0
2376,86500,1,7412,7411,0,0
2377,86500,1,7411,7410,0,0
2378,86500,1,7410,7409,0,0
2380,86906,1,7495,7494,1,1
2381,86906,1,7494,7493,0,0
2382,86906,1,7493,7492,0,0
2383,86906,1,7492,7491,0,0
2384,86906,1,7491,7490,0,0
2385,86906,1,7490,7489,0,0
2386,86906,1,7489,7488,0,0
2387,86906,1,7488,7487,0,0
2388,86906,1,7487,7486,0,0
2389,86906,1,7486,7485,0,0
2390,86906,1,7485,7484,0,0
2391,86906,1,7484,7483,0,0
2392,86906,1,7483,7482,0,0
2393,86906,1,7482,7481,0,0
2394,86906,1,7481,7480,0,0
2395,86906,1,7480,7479,0,0
2396,86906,1,7479,7478,0,0
2397,86906,1,7478,7477,0,0
2398,86906,1,7477,7476,0,0
2399,86906,1,7476,7475,0,0
2400,86906,1,7475,7474,0,0
2401,86906,1,7474,7473,0,0
2402,86906,1,7473,7472,0,0
2403,86906,1,7472,7471,0,0
2404,86906,1,7471,7466,0,0
2405,86906,1,7466,7465,0,0
2406,86906,1,7465,7464,0,0
2407,86906,1,7464,7463,0,0
2408,86906,1,7463,7462,0,0
2409,86906,1,7462,7461,0,0
2410,86906,1,7461,7460,0,0
2411,86906,1,7460,7459,0,0
2412,86906,1,7459,7458,0,0
2413,86906,1,7458,7457,0,0
2414,86906,1,7457,7456,0,0
2415,86906,1,7456,7455,0,0
2416,86906,1,7455,7454,0,0
2417,86906,1,7454,7453,0,0
2418,86906,1,7453,7452,0,0
2419,86906,1,7452,7451,0,0
2420,86906,1,7451,7450,0,0
2421,86906,1,7450,7449,0,0
2422,86906,1,7449,7448,0,0
2423,86906,1,7448,7447,0,0
2424,86906,1,7447,7446,0,0
2425,86906,1,7446,7445,0,0
2426,86906,1,7445,7444,0,0
2427,86906,1,7444,7443,0,0
2428,86906,1,7443,7442,0,0
2429,86906,1,7442,7441,0,0
2430,86906,1,7441,7440,0,0
2431,86906,1,7440,7439,0,0
2432,86906,1,7439,7438,0,0
2433,87142,1,7506,7505,1,1
2434,87142,1,7505,7504,0,0
2435,87142,1,7504,7503,0,0
2436,87142,1,7503,7502,0,0
2437,87142,1,7502,7501,0,0
2438,87142,1,7501,7500,0,0
2439,87142,1,7500,7499,0,0
2440,87142,1,7499,7498,0,0
2441,87226,1,7544,7543,0,1
2442,87226,1,7543,7542,0,0
2443,87226,1,7542,7541,0,0
2444,87226,1,7541,7537,0,0
2445,87226,1,7537,7535,0,0
2446,87226,1,7535,7532,0,0
2447,87226,1,7532,7526,0,0
2448,87226,1,7526,7518,0,0
2449,87226,1,7518,7514,0,0
2450,87226,1,7514,7510,0,0
2451,87226,1,7510,7509,0,0
2452,87226,1,7509,7508,0,0
2453,87226,3,7531,7529,0,1
2454,87226,4,7522,7521,0,1
2455,87226,5,7549,7548,1,1
2456,89155,1,7571,7570,1,1
2457,89155,1,7570,7569,0,0
2458,89155,1,7569,7568,0,0
2459,89155,1,7568,7567,0,0
2460,89155,1,7567,7566,0,0
2461,89155,1,7566,7565,0,0
2462,89155,1,7565,7564,0,0
2488,90438,1,7605,7604,1,1
2489,90438,1,7604,7603,0,0
2537,90685,1,7647,7646,1,1
2538,90685,1,7646,7645,0,0
2539,90685,1,7645,7644,0,0
2540,90685,1,7644,7643,0,0
2541,90685,1,7643,7642,0,0
2542,90685,1,7642,7641,0,0
2543,90685,1,7641,7640,0,0
2544,91499,1,7762,7761,0,1
2545,91499,1,7761,7760,0,0
2546,91499,1,7760,7759,0,0
2547,91499,1,7759,7758,0,0
2548,91499,1,7758,7757,0,0
2549,91499,2,7756,7755,0,1
2550,91499,2,7755,7754,0,0
2551,91499,2,7754,7753,0,0
2552,91499,2,7753,7752,0,0
2553,91499,2,7752,7751,0,0
2554,91499,2,7751,7750,0,0
2555,91499,2,7750,7749,0,0
2556,91499,3,7732,7731,0,1
2557,91499,3,7731,7730,0,0
2558,91499,4,7745,7744,0,1
2559,91499,4,7744,7743,0,0
2560,91499,4,7743,7742,0,0
2561,91499,4,7742,7741,0,0
2562,91499,5,7785,7784,0,1
2563,91499,6,7793,7792,0,1
2564,91499,6,7792,7791,0,0
2565,91499,6,7791,7790,0,0
2566,91499,6,7790,7789,0,0
2567,91499,7,7778,7777,0,1
2568,91499,7,7777,7776,0,0
2569,91499,7,7776,7775,0,0
2570,91499,7,7775,7774,0,0
2593,91499,10,7782,7781,0,1
2594,91499,10,7781,7780,0,0
2596,91499,12,7773,7772,0,1
2597,91499,12,7772,7771,0,0
2598,91499,12,7771,7770,0,0
2599,91499,13,7765,7764,0,1
2600,91499,13,7764,7763,0,0
2601,91499,14,7738,7737,0,1
2603,91499,18,7719,7718,0,1
2604,91499,18,7718,7717,0,0
2605,91499,18,7717,7716,0,0
2606,91499,18,7716,7715,0,0
2607,91499,18,7715,7714,0,0
2609,91499,20,7713,7712,0,1
2610,91499,20,7712,7711,0,0
2611,91499,20,7711,7710,0,0
2612,91499,20,7710,7709,0,0
2613,91499,20,7709,7708,0,0
2614,91499,20,7708,7707,0,0
2615,91499,21,7788,7787,0,1
2616,91499,22,7726,7725,0,1
2617,91499,22,7725,7724,0,0
2618,91499,22,7724,7723,0,0
2619,91499,22,7723,7722,0,0
2620,91499,22,7722,7721,0,0
2621,91499,22,7721,7720,0,0
2622,91499,23,7736,7735,0,1
2623,91499,23,7735,7734,0,0
2624,91499,23,7734,7733,0,0
2625,91499,25,7769,7768,0,1
2626,91499,25,7768,7767,0,0
2627,91499,25,7767,7766,0,0
2628,91499,26,7740,7739,0,1
2629,91499,27,7729,7728,0,1
2630,91499,27,7728,7727,0,0
2631,91499,28,7748,7747,0,1
2632,91499,28,7747,7746,0,0
2633,91957,1,7861,7860,1,1
2634,91957,1,7860,7859,0,0
2635,91957,1,7859,7858,0,0
2636,91957,1,7858,7857,0,0
2637,91957,1,7857,7856,0,0
2638,92660,1,7871,7870,1,1
2639,92660,1,7870,7869,0,0
2640,92660,1,7869,7868,0,0
2641,92660,1,7868,7867,0,0
2642,92660,1,7867,7866,0,0
2643,92660,1,7866,7865,0,0
2644,92660,1,7865,7864,0,0
2645,92660,1,7864,7863,0,0
2646,92660,1,7863,7862,0,0
2648,92937,1,7879,7878,1,1
2649,92937,1,7878,7875,0,0
2650,92937,1,7875,7874,0,0
2652,93238,1,7888,7887,1,1
2666,94484,1,7908,7907,1,1
2667,94484,1,7907,7906,0,0
2668,95655,1,7988,7987,1,1
2669,95655,1,7987,7986,0,0
2670,96126,2,7997,7996,1,1
2671,96126,3,7994,7993,0,1
2672,96126,3,7993,7992,0,0
2729,96297,1,8116,8115,1,1
2730,96297,1,8115,8114,0,0
2731,96297,1,8114,8113,0,0
2732,96297,1,8113,8112,0,0
2733,96297,1,8112,8111,0,0
2734,96297,1,8111,8110,0,0
2735,96297,1,8110,8109,0,0
2736,96297,1,8109,8108,0,0
2737,96297,1,8108,8107,0,0
2738,96297,1,8107,8106,0,0
2739,96297,1,8106,8105,0,0
2740,96297,1,8105,8104,0,0
2741,96297,1,8104,8103,0,0
2742,96297,1,8103,8102,0,0
2743,96297,1,8102,8092,0,0
2744,96297,1,8092,8090,0,0
2745,96297,1,8090,8089,0,0
2746,96297,1,8089,8088,0,0
2747,96297,1,8088,8087,0,0
2748,96297,1,8087,8086,0,0
2749,96297,1,8086,8085,0,0
2750,96297,1,8085,8084,0,0
2751,96297,1,8084,8083,0,0
2752,96297,1,8083,8082,0,0
2753,96297,1,8082,8081,0,0
2754,96297,1,8081,8080,0,0
2755,96297,1,8080,8079,0,0
2756,96297,1,8079,8078,0,0
2757,96297,1,8078,8077,0,0
2758,96297,1,8077,8076,0,0
2759,96297,1,8076,8075,0,0
2760,96297,1,8075,8074,0,0
2761,96297,1,8074,8073,0,0
2762,96297,1,8073,8072,0,0
2763,96297,1,8072,8071,0,0
2764,96297,1,8071,8067,0,0
2765,96297,1,8067,8066,0,0
2766,96297,1,8066,8065,0,0
2767,96297,1,8065,8064,0,0
2768,96297,1,8064,8063,0,0
2769,96297,1,8063,8062,0,0
2770,96297,1,8062,8061,0,0
2771,96297,1,8061,8060,0,0
2772,96297,1,8060,8059,0,0
2773,96297,1,8059,8058,0,0
2774,96297,1,8058,8057,0,0
2775,96297,1,8057,8056,0,0
2776,96297,1,8056,8055,0,0
2777,96297,1,8055,8054,0,0
2778,96297,1,8054,8053,0,0
2779,96297,1,8053,8052,0,0
2780,96297,1,8052,8051,0,0
2781,96297,1,8051,8050,0,0
2782,96297,1,8050,8049,0,0
2783,96297,1,8049,8048,0,0
2784,96297,1,8048,8047,0,0
2785,96297,1,8047,8046,0,0
2786,96297,1,8046,8045,0,0
2787,96297,1,8045,8044,0,0
2788,96297,1,8044,8041,0,0
2789,96297,1,8041,8040,0,0
2790,96297,1,8040,8039,0,0
2791,96297,1,8039,8038,0,0
2792,96297,1,8038,8037,0,0
2793,96297,1,8037,8036,0,0
2794,96297,1,8036,8035,0,0
2795,96297,1,8035,8034,0,0
2796,96297,1,8034,8033,0,0
2797,96297,1,8033,8032,0,0
2798,96297,1,8032,8031,0,0
2799,96297,1,8031,8030,0,0
2800,96297,1,8030,8029,0,0
2801,96297,1,8029,8028,0,0
2802,96297,1,8028,8027,0,0
2803,96297,1,8027,8026,0,0
2804,96297,1,8026,8025,0,0
2805,96297,1,8025,8024,0,0
2806,96297,1,8024,8023,0,0
2807,96297,1,8023,8022,0,0
2808,96297,1,8022,8021,0,0
2809,96297,1,8021,8020,0,0
2810,96297,1,8020,8019,0,0
2811,96300,1,8214,8213,1,1
2812,96300,1,8213,8212,0,0
2813,96300,1,8212,8211,0,0
2814,96300,1,8211,8210,0,0
2815,96300,1,8210,8209,0,0
2816,96300,1,8209,8208,0,0
2817,96300,1,8208,8207,0,0
2818,96300,1,8207,8206,0,0
2819,96300,1,8206,8205,0,0
2820,96300,1,8205,8204,0,0
2821,96300,1,8204,8203,0,0
2822,96300,1,8203,8202,0,0
2823,96300,1,8202,8201,0,0
2824,96300,1,8201,8200,0,0
2825,96300,1,8200,8199,0,0
2826,96300,1,8199,8198,0,0
2827,96340,1,8224,8223,1,1
2828,96340,1,8223,8222,0,0
2839,97616,1,8470,8469,1,1
2840,97616,1,8469,8468,0,0
2841,97616,1,8468,8467,0,0
2842,97616,1,8467,8466,0,0
2843,97616,1,8466,8465,0,0
2846,97814,1,8489,8488,1,1
2847,97814,1,8488,8487,0,0
2848,97814,1,8487,8486,0,0
2849,97814,1,8486,8485,0,0
2850,97814,1,8485,8484,0,0
2851,97814,1,8484,8483,0,0
2852,97814,1,8483,8482,0,0
2853,97814,1,8482,8481,0,0
2854,97877,1,8524,8523,1,1
2855,97877,1,8523,8522,0,0
2856,97877,1,8522,8521,0,0
2857,97877,1,8521,8520,0,0
2858,97877,1,8520,8519,0,0
2859,97877,1,8519,8518,0,0
2860,97877,1,8518,8517,0,0
2861,97877,1,8517,8516,0,0
2862,97877,1,8516,8515,0,0
2863,97877,1,8515,8514,0,0
2864,97877,1,8514,8513,0,0
2865,97877,1,8513,8512,0,0
2866,97877,1,8512,8511,0,0
2867,97877,1,8511,8510,0,0
2868,97877,1,8510,8509,0,0
2869,97877,1,8509,8508,0,0
2870,97877,1,8508,8507,0,0
2871,97877,1,8507,8506,0,0
2872,97877,1,8506,8505,0,0
2873,97877,1,8505,8504,0,0
2874,97877,1,8504,8503,0,0
2875,97877,1,8503,8502,0,0
2876,97877,1,8502,8501,0,0
2877,97877,1,8501,8499,0,0
2878,97877,1,8499,8498,0,0
2879,97877,1,8498,8497,0,0
2880,97877,1,8497,8495,0,0
2881,97877,1,8495,8494,0,0
2882,97877,1,8494,8493,0,0
2883,97897,1,8528,8527,1,1
2884,97897,1,8527,8526,0,0
2885,97897,1,8526,8525,0,0
2887,98108,1,8536,8535,1,1
2888,98108,1,8535,8534,0,0
2889,98108,1,8534,8533,0,0
2890,98108,1,8533,8532,0,0
2891,98159,1,8541,8540,1,1
2892,98159,1,8540,8539,0,0
2893,98159,1,8539,8538,0,0
2894,98459,1,8550,8549,1,1
2895,98459,1,8549,8548,0,0
2896,98459,1,8548,8547,0,0
2897,98459,1,8547,8546,0,0
2898,98459,1,8546,8545,0,0
2899,98459,1,8545,8544,0,0
2900,98459,1,8544,8542,0,0
2901,98624,1,8577,8576,1,1
2902,98624,1,8576,8575,0,0
2903,98624,1,8575,8574,0,0
2904,98624,1,8574,8573,0,0
2905,98624,1,8573,8572,0,0
2906,98624,1,8572,8571,0,0
2907,98624,1,8571,8570,0,0
2908,98624,1,8570,8569,0,0
2909,98624,1,8569,8568,0,0
2910,98624,1,8568,8567,0,0
2911,98624,1,8567,8566,0,0
2912,98624,1,8566,8565,0,0
2913,98624,1,8565,8564,0,0
2914,98624,1,8564,8563,0,0
2915,98624,1,8563,8562,0,0
2916,98624,1,8562,8561,0,0
2917,98624,1,8561,8560,0,0
2918,98624,1,8560,8559,0,0
2919,98624,1,8559,8558,0,0
2920,98624,1,8558,8557,0,0
2921,98624,1,8557,8556,0,0
2922,98624,1,8556,8555,0,0
2923,98624,1,8555,8554,0,0
2924,98624,1,8554,8553,0,0
2925,98624,1,8553,8552,0,0
2926,98624,1,8552,8551,0,0
2927,98747,1,8580,8579,1,1
2928,98747,1,8579,8578,0,0
2930,99225,1,8627,8626,1,1
2931,99225,1,8626,8625,0,0
2932,99225,1,8625,8624,0,0
2944,100266,1,8669,8668,1,1
2945,100266,1,8668,8667,0,0
2946,100266,1,8667,8666,0,0
2947,100266,1,8666,8665,0,0
2948,100266,1,8665,8664,0,0
2949,100266,1,8664,8663,0,0
2950,100266,1,8663,8662,0,0
2951,100868,1,8778,8777,1,1
2952,100900,2,8844,8843,1,1
2953,100900,2,8843,8842,0,0
2954,100900,2,8842,8841,0,0
2955,100900,2,8841,8840,0,0
2956,100900,2,8840,8839,0,0
2957,100900,2,8839,8838,0,0
2958,100900,2,8838,8837,0,0
2959,100900,2,8837,8836,0,0
2960,100900,2,8836,8835,0,0
2961,100900,2,8835,8834,0,0
2962,100900,2,8834,8833,0,0
2963,100900,2,8833,8832,0,0
2964,100900,2,8832,8831,0,0
2965,100900,2,8831,8830,0,0
2966,100900,2,8830,8829,0,0
2967,100900,2,8829,8828,0,0
2968,100900,2,8828,8827,0,0
2969,100900,2,8827,8826,0,0
2970,100900,2,8826,8825,0,0
2971,100900,2,8825,8824,0,0
2972,100900,2,8824,8823,0,0
2973,100900,2,8823,8822,0,0
2974,100900,2,8822,8821,0,0
2975,100900,2,8821,8820,0,0
2976,100900,2,8820,8819,0,0
2977,100900,2,8819,8818,0,0
2978,100900,2,8818,8817,0,0
2979,100900,2,8817,8816,0,0
2980,100900,2,8816,8815,0,0
2981,100900,2,8815,8814,0,0
2982,100900,2,8814,8813,0,0
2983,100900,2,8813,8812,0,0
2984,100900,2,8812,8811,0,0
2985,100900,2,8811,8810,0,0
2986,100900,2,8810,8809,0,0
2987,100900,2,8809,8808,0,0
2988,100900,2,8808,8807,0,0
2989,100900,2,8807,8806,0,0
2990,100900,2,8806,8805,0,0
2991,100900,2,8805,8804,0,0
2992,100900,2,8804,8803,0,0
2993,100900,2,8803,8798,0,0
2994,100900,2,8798,8779,0,0
3025,101059,1,8848,8847,1,1
3026,101059,1,8847,8846,0,0
3027,101062,1,8947,8946,0,1
3028,101062,1,8946,8945,0,0
3029,101062,1,8945,8944,0,0
3030,101062,1,8944,8943,0,0
3031,101062,1,8943,8942,0,0
3032,101062,1,8942,8940,0,0
3033,101062,1,8940,8939,0,0
3034,101062,1,8939,8938,0,0
3035,101062,1,8938,8937,0,0
3036,101062,1,8937,8935,0,0
3037,101062,1,8935,8934,0,0
3038,101062,1,8934,8933,0,0
3039,101062,1,8933,8932,0,0
3040,101062,1,8932,8931,0,0
3041,101062,1,8931,8930,0,0
3042,101062,1,8930,8929,0,0
3043,101062,1,8929,8928,0,0
3044,101062,1,8928,8927,0,0
3045,101062,1,8927,8926,0,0
3046,101062,1,8926,8925,0,0
3047,101062,1,8925,8923,0,0
3048,101062,1,8923,8922,0,0
3049,101062,1,8922,8920,0,0
3050,101062,1,8920,8919,0,0
3051,101062,1,8919,8914,0,0
3052,101062,1,8914,8913,0,0
3053,101062,1,8913,8911,0,0
3054,101062,2,8882,8881,0,1
3055,101062,3,8918,8917,0,1
3056,101062,3,8917,8916,0,0
3057,101062,3,8916,8915,0,0
3058,101062,5,8900,8899,0,1
3066,101062,7,8905,8903,0,1
3067,101062,8,8891,8890,0,1
3074,101062,10,8958,8957,1,1
3075,101062,13,8885,8883,0,1
3076,101062,14,8902,8901,0,1
3077,101062,19,8956,8955,0,1
3078,101062,19,8955,8954,0,0
3079,101062,19,8954,8953,0,0
3080,101062,19,8953,8952,0,0
3081,101062,19,8952,8951,0,0
3082,101062,19,8951,8950,0,0
3083,101062,19,8950,8949,0,0
3084,101062,19,8949,8948,0,0
3085,101062,22,8941,8936,0,1
3086,101062,23,8895,8894,0,1
3087,101062,25,8886,8884,0,1
3088,101062,26,8912,8910,0,1
3089,101373,1,8980,8979,1,1
3090,101373,1,8979,8977,0,0
3091,101373,1,8977,8976,0,0
3092,101373,1,8976,8975,0,0
3093,101373,1,8975,8974,0,0
3094,101373,1,8974,8973,0,0
3106,101833,1,9052,9003,1,1
3107,101833,2,9000,8999,0,1
3122,101833,5,8993,8992,0,1
3123,101833,5,8992,8991,0,0
3134,101979,1,9086,9085,1,1
3135,101979,1,9085,9084,0,0
3136,101979,1,9084,9083,0,0
3137,101979,1,9083,9082,0,0
3138,101979,1,9082,9081,0,0
3139,101979,1,9081,9080,0,0
3140,101979,1,9080,9079,0,0
3141,101979,1,9079,9078,0,0
3142,101979,1,9078,9077,0,0
3143,101979,1,9077,9076,0,0
3144,101979,1,9076,9075,0,0
3145,101979,1,9075,9074,0,0
3146,101979,1,9074,9073,0,0
3147,101979,1,9073,9072,0,0
3148,101979,1,9072,9071,0,0
3149,101979,1,9071,9070,0,0
3150,101979,1,9070,9069,0,0
3151,101979,1,9069,9068,0,0
3156,102276,1,9139,9138,1,1
3157,102276,1,9138,9137,0,0
3158,102276,2,9136,9135,0,1
3159,102298,1,9156,9155,0,1
3160,102298,1,9155,9153,0,0
3161,102298,2,9172,9171,0,1
3162,102298,4,9168,9167,0,1
3163,102298,4,9167,9166,0,0
3164,102298,4,9166,9165,0,0
3165,102298,4,9165,9164,0,0
3166,102298,5,9146,9145,0,1
3167,102298,5,9145,9144,0,0
3168,102298,7,9179,9178,0,1
3173,102298,11,9149,9148,0,1
3174,102298,12,9185,9184,0,1
3175,102298,12,9184,9183,0,0
3176,102298,13,9163,9162,0,1
3197,102718,1,9210,9209,1,1
3198,102718,1,9209,9208,0,0
3199,102718,1,9208,9207,0,0
3200,102718,1,9207,9206,0,0
3201,102718,1,9206,9205,0,0
3202,102718,1,9205,9204,0,0
3203,102718,1,9204,9203,0,0
3204,105887,1,10420,10419,1,1
3205,105887,1,10419,10418,0,0
3206,105887,1,10418,10417,0,0
3207,105887,1,10417,10416,0,0
3208,105887,1,10416,10415,0,0
3209,105887,2,10414,10413,0,1
3210,106057,1,10470,10469,1,1
3211,106057,1,10469,10467,0,0
3212,106057,1,10467,10466,0,0
3213,106057,1,10466,10465,0,0
3214,106057,1,10465,10464,0,0
3215,106057,1,10464,10463,0,0
3216,106057,1,10463,10461,0,0
3217,106057,1,10461,10460,0,0
3218,106057,1,10460,10459,0,0
3226,106658,1,10560,10559,1,1
3227,107350,1,10742,10741,1,1
3228,107350,1,10741,10740,0,0
3229,107350,1,10740,10739,0,0
3232,108404,1,11038,11037,1,1
3233,108404,1,11037,11036,0,0
3234,108955,1,11133,11132,1,1
3235,108955,1,11132,11131,0,0
3236,108955,1,11131,11130,0,0
3237,108955,1,11130,11129,0,0
3238,108955,1,11129,11128,0,0
3239,108955,1,11128,11127,0,0
3240,108955,1,11127,11126,0,0
3241,108955,1,11126,11125,0,0
3242,108955,1,11125,11124,0,0
3243,108955,1,11124,11123,0,0
3244,109226,1,11137,11136,1,1
3255,109354,1,11148,11147,1,1
3256,109354,1,11147,11146,0,0
3257,109354,1,11146,11145,0,0
3258,109354,1,11145,11144,0,0
3259,109354,1,11144,11143,0,0
3260,109354,1,11143,11142,0,0
3261,109354,1,11142,11141,0,0
3262,109354,1,11141,11140,0,0
3263,109354,1,11140,11139,0,0
3264,109354,1,11139,11138,0,0
3265,109731,3,11177,11176,1,1
3266,109731,3,11176,11175,0,0
3267,109731,3,11175,11166,0,0
3268,109731,3,11166,11164,0,0
3269,109731,3,11164,11161,0,0
3270,109733,1,11221,11220,1,1
3271,109733,1,11220,11219,0,0
3272,109733,1,11219,11218,0,0
3273,109733,1,11218,11217,0,0
3274,109733,1,11217,11216,0,0
3275,109733,1,11216,11215,0,0
3276,109733,1,11215,11214,0,0
3277,109733,1,11214,11213,0,0
3278,109733,1,11213,11212,0,0
3279,109733,1,11212,11211,0,0
3280,109733,1,11211,11205,0,0
3281,109733,1,11205,11204,0,0
3282,109733,1,11204,11203,0,0
3283,109733,1,11203,11202,0,0
3284,109733,1,11202,11201,0,0
3285,109733,1,11201,11200,0,0
3286,109733,1,11200,11199,0,0
3287,109733,1,11199,11195,0,0
3288,109733,1,11195,11194,0,0
3289,109733,1,11194,11193,0,0
3290,109733,1,11193,11192,0,0
3291,109733,1,11192,11191,0,0
3292,109733,1,11191,11190,0,0
3293,109733,1,11190,11189,0,0
3294,109733,1,11189,11188,0,0
3295,110004,1,11229,11228,1,1
3296,110310,1,11231,11230,1,1
3297,110330,1,11246,11245,1,1
3298,110330,1,11245,11244,0,0
3299,110330,1,11244,11243,0,0
3300,110330,1,11243,11242,0,0
3301,110330,1,11242,11241,0,0
3302,110330,1,11241,11240,0,0
3303,110330,1,11240,11239,0,0
3304,110330,1,11239,11238,0,0
3305,110330,1,11238,11237,0,0
3306,110330,1,11237,11236,0,0
3307,110330,1,11236,11235,0,0
3308,110330,1,11235,11233,0,0
3309,110330,1,11233,11234,0,0
3310,110330,1,11234,11232,0,0
3311,110364,1,11251,11250,1,1
3312,110364,1,11250,11249,0,0
3313,110364,1,11249,11248,0,0
3314,110364,1,11248,11247,0,0
3315,110908,1,11294,11293,1,1
3316,111122,1,11311,11310,1,1
3317,111122,1,11310,11309,0,0
3318,111122,1,11309,11308,0,0
3319,111122,1,11308,11307,0,0
3320,111122,1,11307,11306,0,0
3321,111122,1,11306,11305,0,0
3322,111122,1,11305,11304,0,0
3323,111122,1,11304,11303,0,0
3324,111122,1,11303,11302,0,0
3325,111122,1,11302,11301,0,0
3326,111122,1,11301,11300,0,0
3327,111122,1,11300,11299,0,0
3328,111122,1,11299,11298,0,0
3329,111122,1,11298,11297,0,0
3330,111287,1,11322,11321,1,1
3331,111287,1,11321,11320,0,0
3332,111287,1,11320,11319,0,0
3333,111812,1,11367,11366,1,1
3334,111812,1,11366,11365,0,0
3335,111812,1,11365,11364,0,0
3336,111812,1,11364,11363,0,0
3337,111812,1,11363,11362,0,0
3338,111812,1,11362,11361,0,0
3339,111812,1,11361,11360,0,0
3343,113256,3,11561,11555,1,1
3344,113587,1,11566,11565,1,1
3345,114374,1,11894,11893,1,1
3346,114374,1,11893,11892,0,0
3347,114374,1,11892,11891,0,0
3348,114374,1,11891,11890,0,0
3349,114374,1,11890,11889,0,0
3350,114400,1,11901,11900,1,1
3351,114400,1,11900,11899,0,0
3352,114400,1,11899,11898,0,0
3353,114400,1,11898,11897,0,0
3360,115208,1,11918,11917,1,1
3361,115208,1,11917,11916,0,0
3362,115208,1,11916,11915,0,0
3363,115208,1,11915,11914,0,0
3364,115208,1,11914,11913,0,0
3365,115208,1,11913,11912,0,0
3366,115208,1,11912,11911,0,0
3367,115208,1,11911,11910,0,0
3368,115208,1,11910,11909,0,0
3369,115208,1,11909,11908,0,0
3370,115208,1,11908,11907,0,0
3371,115208,1,11907,11906,0,0
3372,115208,1,11906,11905,0,0
3373,115208,1,11905,11904,0,0
3374,115208,1,11904,11903,0,0
3375,115208,1,11903,11902,0,0
3377,115210,1,11931,11930,1,1
3378,115210,1,11930,11929,0,0
3379,115210,1,11929,11928,0,0
3380,115210,1,11928,11927,0,0
3381,115210,1,11927,11926,0,0
3382,115210,1,11926,11925,0,0
3394,116372,2,11976,11972,0,1
3395,116372,2,11972,11969,0,0
3396,116372,2,11969,11967,0,0
3397,116372,2,11967,11963,0,0
3398,116372,2,11963,11958,0,0
3399,116372,2,11958,11955,0,0
3400,116372,2,11955,11951,0,0
3401,116372,2,11951,11946,0,0
3402,116372,2,11946,11945,0,0
3403,116372,2,11945,11944,0,0
3416,116374,1,12024,12023,1,1
3417,116374,1,12023,12022,0,0
3418,116374,1,12022,12021,0,0
3419,116374,1,12021,12020,0,0
3420,116374,1,12020,12019,0,0
3421,116374,1,12019,12018,0,0
3422,116374,1,12018,12017,0,0
3423,116374,1,12017,12016,0,0
3424,116374,1,12016,12015,0,0
3425,116374,1,12015,12014,0,0
3426,116374,1,12014,12013,0,0
3427,116374,1,12013,12012,0,0
3428,116374,1,12012,12011,0,0
3429,116374,1,12011,12010,0,0
3430,116374,1,12010,12009,0,0
3431,116374,1,12009,12008,0,0
3432,117363,1,12053,12052,1,1
3433,117363,1,12052,12051,0,0
3434,117363,1,12051,12050,0,0
3435,117363,1,12050,12049,0,0
3436,117363,1,12049,12048,0,0
3437,117363,1,12048,12047,0,0
3438,117363,1,12047,12046,0,0
3439,117363,1,12046,12045,0,0
3440,117363,1,12045,12044,0,0
3441,117363,1,12044,12043,0,0
3442,117363,1,12043,12042,0,0
3443,117363,1,12042,12041,0,0
3451,122071,1,12096,12095,1,1
3452,122071,1,12095,12094,0,0
3453,122071,1,12094,12093,0,0
3454,123375,1,12131,12130,1,1
3455,123375,1,12130,12129,0,0
3459,124907,1,12167,12166,1,1
3460,124907,1,12166,12165,0,0
3461,124907,1,12165,12164,0,0
3462,124907,1,12164,12163,0,0
3463,124907,1,12163,12162,0,0
3464,124907,1,12162,12161,0,0
3465,124907,1,12161,12160,0,0
3466,124907,1,12160,12159,0,0
3468,126034,1,12175,12174,1,1
3469,126820,1,12180,12179,1,1
3470,126820,1,12179,12178,0,0
3471,126820,1,12178,12177,0,0
3473,128289,1,12375,12374,1,1
3474,128289,1,12374,12373,0,0
3475,128289,1,12373,12372,0,0
3478,130563,1,12423,12422,1,1
3479,130563,1,12422,12421,0,0
3480,130563,1,12421,12420,0,0
3481,130563,1,12420,12419,0,0
3482,130563,1,12419,12418,0,0
3483,130563,1,12418,12417,0,0
3484,130563,1,12417,12416,0,0
3485,130563,1,12416,12415,0,0
3486,130563,1,12415,12414,0,0
3487,130563,1,12414,12412,0,0
3488,130563,1,12412,12411,0,0
3489,130563,1,12411,12410,0,0
3490,130563,1,12410,12409,0,0
3491,130563,1,12409,12408,0,0
3492,130563,1,12408,12407,0,0
3493,130563,1,12407,12406,0,0
3494,132157,1,12442,12441,1,1
3495,132157,1,12441,12440,0,0
3496,132157,1,12440,12439,0,0
3497,132157,1,12439,12438,0,0
3498,132157,1,12438,12437,0,0
3499,132324,1,12468,12467,1,1
3500,132324,1,12467,12466,0,0
3501,132324,1,12466,12465,0,0
3502,132324,1,12465,12464,0,0
3503,132324,1,12464,12463,0,0
3504,132324,1,12463,12462,0,0
3505,132324,1,12462,12461,0,0
3506,132324,1,12461,12460,0,0
3507,132324,1,12460,12459,0,0
3508,132324,1,12459,12458,0,0
3509,132324,1,12458,12457,0,0
3510,132324,1,12457,12456,0,0
3511,132324,1,12456,12455,0,0
3512,132324,1,12455,12454,0,0
3513,132324,1,12454,12453,0,0
3514,132324,1,12453,12452,0,0
3515,132324,1,12452,12451,0,0
3516,132324,1,12451,12450,0,0
3517,132324,1,12450,12449,0,0
3518,132324,1,12449,12448,0,0
3519,132324,1,12448,12447,0,0
3520,132324,1,12447,12445,0,0
3521,132324,1,12445,12444,0,0
3522,132324,1,12444,12443,0,0
3525,133852,1,12548,12547,1,1
3526,133852,1,12547,12546,0,0
3527,133852,1,12546,12545,0,0
3528,133852,1,12545,12544,0,0
3529,133852,1,12544,12543,0,0
3530,133852,1,12543,12536,0,0
3531,133852,1,12536,12534,0,0
3532,133852,1,12534,12533,0,0
3533,133852,1,12533,12532,0,0
3534,133852,1,12532,12531,0,0
3537,135154,1,12633,12632,1,1
3538,136719,1,12638,12637,1,1
3547,137534,1,12642,12641,1,1
3548,137534,1,12641,12640,0,0
3554,138631,1,12688,12687,1,1
3555,138631,1,12687,12686,0,0
3556,138631,1,12686,12685,0,0
3557,139409,1,12699,12698,1,1
3558,139409,1,12698,12697,0,0
3559,140184,1,12708,12707,1,1
3560,140184,1,12707,12706,0,0
3561,140184,1,12706,12705,0,0
3562,140184,1,12705,12704,0,0
3563,140184,1,12704,12703,0,0
3564,141948,1,12715,12714,1,1
3565,141948,1,12714,12713,0,0
3571,142988,1,12726,12725,1,1
3589,144611,1,12757,12756,1,1
3590,144611,1,12756,12755,0,0
3591,144611,1,12755,12754,0,0
3592,144611,1,12754,12753,0,0
3595,147913,1,13006,13005,1,1
3596,147913,1,13005,13004,0,0
3597,147913,1,13004,13003,0,0
3598,147913,1,13003,13002,0,0
3599,147913,1,13002,13001,0,0
3600,148473,1,13018,13017,1,1
3601,148473,1,13017,13014,0,0
3602,148473,1,13014,13013,0,0
3603,148473,1,13013,13012,0,0
3604,148473,1,13012,13011,0,0
3605,148473,1,13011,13010,0,0
3606,148473,1,13010,13009,0,0
3607,148773,1,13020,13019,1,1
3612,149926,1,13078,13077,1,1
3613,149926,1,13077,13076,0,0
3616,150142,1,13085,13084,1,1
3617,150155,1,13092,13091,1,1
3618,150155,1,13091,13090,0,0
3619,150155,1,13090,13089,0,0
3620,150155,1,13089,13088,0,0
3621,150524,1,13110,13109,1,1
3622,150524,1,13109,13108,0,0
3623,150524,1,13108,13107,0,0
3624,150524,1,13107,13106,0,0
3625,150524,1,13106,13104,0,0
3626,150524,1,13104,13103,0,0
3627,150524,1,13103,13102,0,0
3628,150524,1,13102,13095,0,0
3629,150524,1,13095,13094,0,0
3630,150524,1,13094,13093,0,0
3631,150524,2,13097,13096,0,1
3632,150524,4,13101,13098,0,1
3638,151545,1,13136,13135,1,1
3639,151545,1,13135,13134,0,0
3640,151545,1,13134,13133,0,0
3641,151545,1,13133,13132,0,0
3642,151545,1,13132,13131,0,0
3643,151545,1,13131,13130,0,0
3644,151545,1,13130,13129,0,0
3645,151545,1,13129,13128,0,0
3646,151545,1,13128,13127,0,0
3647,151545,1,13127,13126,0,0
3648,151545,1,13126,13125,0,0
3649,151545,1,13125,13124,0,0
3650,151545,1,13124,13123,0,0
3651,151545,1,13123,13122,0,0
3652,151545,1,13122,13121,0,0
3653,151545,1,13121,13120,0,0
3654,151545,1,13120,13119,0,0
3655,151545,1,13119,13118,0,0
3656,151545,1,13118,13117,0,0
3657,151545,1,13117,13116,0,0
3658,151545,1,13116,13115,0,0
3659,151545,1,13115,13114,0,0
3660,151545,1,13114,13113,0,0
3661,151545,1,13113,13112,0,0
3662,151545,1,13112,13111,0,0
3663,153797,1,13177,13176,1,1
3664,153797,1,13176,13175,0,0
3665,153797,1,13175,13174,0,0
3666,154021,1,13201,13200,1,1
3667,154021,1,13200,13199,0,0
3668,154021,1,13199,13198,0,0
3669,154021,1,13198,13197,0,0
3670,154021,1,13197,13196,0,0
3671,154021,1,13196,13195,0,0
3672,154021,1,13195,13194,0,0
3673,154021,1,13194,13193,0,0
3674,154021,1,13193,13192,0,0
3675,154021,1,13192,13191,0,0
3676,154021,1,13191,13190,0,0
3677,154021,1,13190,13189,0,0
3678,154021,1,13189,13188,0,0
3679,157024,1,13254,13253,1,1
3680,157024,1,13253,13252,0,0
3681,157024,1,13252,13251,0,0
3682,157024,1,13251,13250,0,0
3683,157024,1,13250,13249,0,0
3684,157024,1,13249,13248,0,0
3685,157024,1,13248,13247,0,0
3692,157633,1,13304,13303,1,1
3693,157633,1,13303,13302,0,0
3694,157633,1,13302,13301,0,0
3695,157633,1,13301,13300,0,0
3696,157633,1,13300,13299,0,0
3697,157633,1,13299,13298,0,0
3698,157633,1,13298,13297,0,0
3699,157633,1,13297,13296,0,0
3700,157633,1,13296,13295,0,0
3701,157633,1,13295,13294,0,0
3702,157633,1,13294,13293,0,0
3703,157633,1,13293,13292,0,0
3704,157633,1,13292,13291,0,0
3705,157633,1,13291,13290,0,0
3706,157633,1,13290,13289,0,0
3707,157633,1,13289,13288,0,0
3708,157633,1,13288,13287,0,0
3709,157633,1,13287,13286,0,0
3710,157633,1,13286,13285,0,0
3711,157633,1,13285,13284,0,0
3712,157633,1,13284,13283,0,0
3713,157633,1,13283,13282,0,0
3714,157633,1,13282,13281,0,0
3715,157633,1,13281,13280,0,0
3716,157633,1,13280,13279,0,0
3717,157633,1,13279,13278,0,0
3718,157633,1,13278,13277,0,0
3719,157633,1,13277,13276,0,0
3720,157633,1,13276,13275,0,0
3721,157633,1,13275,13274,0,0
3722,157633,1,13274,13273,0,0
3723,157633,1,13273,13272,0,0
3724,157633,1,13272,13271,0,0
3725,157633,1,13271,13270,0,0
3726,162404,1,13322,13321,1,1
3727,162404,1,13321,13320,0,0
3728,162404,1,13320,13318,0,0
3729,162404,1,13318,13317,0,0
3730,162404,1,13317,13316,0,0
3731,162404,1,13316,13315,0,0
3732,162404,1,13315,13314,0,0
3733,162404,1,13314,13313,0,0
3734,162404,1,13313,13312,0,0
3735,163227,1,13376,13374,1,1
3736,163227,1,13374,13371,0,0
3737,163227,1,13371,13368,0,0
3738,163227,1,13368,13367,0,0
3739,163227,1,13367,13366,0,0
3740,163227,1,13366,13365,0,0
3741,163227,1,13365,13364,0,0
3742,163227,1,13364,13363,0,0
3743,163227,1,13363,13362,0,0
3744,163227,1,13362,13361,0,0
3745,163227,1,13361,13360,0,0
3746,163227,1,13360,13359,0,0
3747,163227,1,13359,13358,0,0
3748,163227,1,13358,13357,0,0
3749,163227,1,13357,13356,0,0
3750,163227,1,13356,13355,0,0
3751,163227,1,13355,13354,0,0
3752,163227,1,13354,13353,0,0
3753,163227,1,13353,13352,0,0
3754,163227,1,13352,13351,0,0
3755,163227,1,13351,13350,0,0
3756,163227,1,13350,13349,0,0
3757,163227,1,13349,13348,0,0
3758,163227,1,13348,13347,0,0
3759,163227,1,13347,13346,0,0
3760,163227,1,13346,13345,0,0
3761,163227,1,13345,13344,0,0
3762,163227,1,13344,13343,0,0
3763,163227,1,13343,13342,0,0
3764,163227,1,13342,13341,0,0
3765,163227,1,13341,13340,0,0
3766,163227,1,13340,13339,0,0
3767,163227,1,13339,13338,0,0
3768,163227,1,13338,13337,0,0
3769,163227,1,13337,13336,0,0
3770,163227,1,13336,13335,0,0
3771,163227,1,13335,13334,0,0
3772,163227,1,13334,13333,0,0
3773,163227,1,13333,13332,0,0
3774,163227,1,13332,13331,0,0
3775,163227,1,13331,13330,0,0
3776,163227,1,13330,13329,0,0
3777,163227,1,13329,13328,0,0
3778,163227,1,13328,13327,0,0
3779,163227,1,13327,13326,0,0
3780,163227,1,13326,13323,0,0
3781,167363,1,13404,13394,1,1
3782,167363,1,13394,13393,0,0
3783,173851,1,13446,13445,1,1
3784,173851,1,13445,13444,0,0
3785,173851,1,13444,13443,0,0
3786,173851,1,13443,13442,0,0
3787,173851,1,13442,13441,0,0
3788,173851,1,13441,13439,0,0
3789,173851,1,13439,13437,0,0
3798,175808,4,13482,13481,1,1
3799,175808,4,13481,13479,0,0
3800,175808,4,13479,13478,0,0
3801,175808,4,13478,13477,0,0
3802,175808,4,13477,13476,0,0
3803,175808,4,13476,13466,0,0
3804,175808,12,13473,13472,0,1
3811,180769,1,13526,13525,1,1
3812,180769,1,13525,13524,0,0
3813,180769,1,13524,13523,0,0
3814,180769,1,13523,13522,0,0
3815,180769,1,13522,13521,0,0
3816,180769,1,13521,13520,0,0
3817,180769,1,13520,13519,0,0
3818,180769,1,13519,13518,0,0
3819,180769,1,13518,13517,0,0
3820,180769,1,13517,13516,0,0
3821,180769,1,13516,13515,0,0
3822,180769,1,13515,13514,0,0
3823,180769,1,13514,13513,0,0
3824,180769,1,13513,13512,0,0
3858,189983,1,13570,13569,1,1
3859,189983,1,13569,13568,0,0
3860,189983,1,13568,13567,0,0
3861,189983,1,13567,13566,0,0
3862,189983,1,13566,13565,0,0
3863,189983,1,13565,13564,0,0
3864,189983,1,13564,13563,0,0
3865,189983,1,13563,13562,0,0
3866,189983,1,13562,13561,0,0
3867,189983,1,13561,13560,0,0
3868,189983,1,13560,13559,0,0
3869,190994,1,13625,13624,1,1
3870,191154,1,13629,13628,1,1
3871,191714,1,13654,13653,1,1
3872,191714,1,13653,13652,0,0
3873,191714,1,13652,13651,0,0
3874,191714,1,13651,13650,0,0
3875,191714,1,13650,13649,0,0
3876,191714,1,13649,13648,0,0
3877,191714,1,13648,13647,0,0
3878,191714,1,13647,13646,0,0
3879,191714,1,13646,13645,0,0
3880,191714,1,13645,13644,0,0
3881,191714,1,13644,13643,0,0
3882,191714,1,13643,13642,0,0
3883,191714,1,13642,13641,0,0
3884,191714,1,13641,13640,0,0
3885,191714,1,13640,13639,0,0
3886,191714,1,13639,13638,0,0
3887,191714,1,13638,13637,0,0
3888,191714,1,13637,13636,0,0
3889,191714,1,13636,13635,0,0
3890,191714,1,13635,13634,0,0
3891,192480,1,13682,13681,1,1
3892,192480,1,13681,13680,0,0
3893,192480,1,13680,13679,0,0
3894,192480,1,13679,13678,0,0
3895,192480,1,13678,13677,0,0
3896,192480,1,13677,13676,0,0
3897,192480,1,13676,13675,0,0
3898,192480,1,13675,13674,0,0
3899,192480,1,13674,13673,0,0
3900,192480,1,13673,13672,0,0
3901,192480,1,13672,13671,0,0
3902,192480,1,13671,13670,0,0
3903,192480,1,13670,13669,0,0
3904,192480,1,13669,13668,0,0
3905,192480,1,13668,13667,0,0
3906,192480,1,13667,13666,0,0
3907,192480,1,13666,13665,0,0
3908,192480,1,13665,13664,0,0
3909,192480,1,13664,13663,0,0
3910,192480,1,13663,13662,0,0
3911,192480,1,13662,13661,0,0
3912,192480,1,13661,13660,0,0
3913,192480,2,13659,13658,0,1
3914,192480,2,13658,13657,0,0
3915,193122,1,13694,13693,1,1
3918,198961,1,13739,13738,1,1
3919,198961,1,13738,13737,0,0
3920,198961,1,13737,13736,0,0
3921,198961,1,13736,13735,0,0
3922,198961,1,13735,13734,0,0
3923,198961,1,13734,13733,0,0
3924,198961,1,13733,13732,0,0
3925,198961,1,13732,13731,0,0
3926,198961,1,13731,13730,0,0
3927,198961,1,13730,13729,0,0
3928,198961,1,13729,13728,0,0
3929,198961,1,13728,13727,0,0
3930,198961,1,13727,13726,0,0
3931,198961,1,13726,13725,0,0
3932,198961,1,13725,13724,0,0
3933,198961,1,13724,13723,0,0
3934,201316,1,13769,13768,1,1
3935,201480,1,13777,13776,1,1
3936,201480,1,13776,13775,0,0
3937,201480,1,13775,13774,0,0
3938,201480,1,13774,13773,0,0
3939,201480,1,13773,13772,0,0
3940,201480,1,13772,13771,0,0
3941,201480,1,13771,13770,0,0
3945,203758,1,13866,13865,1,1
3946,203758,1,13865,13864,0,0
3947,203758,1,13864,13863,0,0
3948,203758,1,13863,13862,0,0
3949,206123,1,14386,14385,1,1
3969,207306,1,14398,14397,1,1
3970,207306,1,14397,14396,0,0
3971,207306,1,14396,14395,0,0
3972,207306,1,14395,14394,0,0
3973,207306,1,14394,14393,0,0
3974,207306,1,14393,14392,0,0
3975,207306,1,14392,14391,0,0
3976,207306,1,14391,14390,0,0
3977,207306,1,14390,14389,0,0
3978,207306,1,14389,14388,0,0
3979,207306,1,14388,14387,0,0
3982,207428,1,14428,14427,1,1
3983,207428,1,14427,14426,0,0
3984,207428,1,14426,14425,0,0
3985,207428,1,14425,14424,0,0
3986,208936,1,14468,14467,1,1
3987,208936,1,14467,14466,0,0
3988,208936,1,14466,14465,0,0
3989,208936,1,14465,14464,0,0
3990,208936,1,14464,14463,0,0
4001,211152,1,14482,14481,1,1
4002,211152,1,14481,14480,0,0
4003,211152,1,14480,14479,0,0
4004,211152,1,14479,14478,0,0
4005,211152,1,14478,14477,0,0
4006,211152,1,14477,14476,0,0
4014,212402,1,14504,14503,1,1
4015,212402,1,14503,14502,0,0
4016,212402,1,14502,14501,0,0
4025,212418,1,14522,14521,1,1
4026,212418,1,14521,14520,0,0
4027,212418,1,14520,14519,0,0
4028,213342,1,14566,14565,1,1
4029,213342,1,14565,14564,0,0
4030,213342,1,14564,14563,0,0
4031,213342,1,14563,14562,0,0
4032,213587,1,14572,14571,1,1
4033,213587,1,14571,14569,0,0
4034,213587,1,14569,14568,0,0
4035,216901,1,14577,14576,1,1
4036,217122,1,14586,14585,1,1
4037,217122,1,14585,14584,0,0
4038,217122,1,14584,14583,0,0
4039,217122,1,14583,14582,0,0
4040,217122,1,14582,14581,0,0
4041,217122,1,14581,14580,0,0
4042,217122,1,14580,14579,0,0
4043,217124,1,14599,14598,1,1
4044,217124,1,14598,14597,0,0
4045,217124,1,14597,14596,0,0
4046,217124,1,14596,14595,0,0
4047,217124,1,14595,14594,0,0
4048,217124,1,14594,14593,0,0
4049,217124,1,14593,14592,0,0
4050,217124,1,14592,14591,0,0
4051,217124,1,14591,14590,0,0
4052,218086,1,14602,14601,1,1
4053,218108,1,14605,14604,1,1
4054,218108,1,14604,14603,0,0
4058,221812,1,14803,14801,1,1
4059,221812,1,14801,14800,0,0
4060,221812,1,14800,14799,0,0
4061,221812,1,14799,14798,0,0
4062,221812,1,14798,14797,0,0
4063,221812,1,14797,14795,0,0
4064,221812,1,14795,14794,0,0
4065,221812,1,14794,14793,0,0
4066,221812,1,14793,14792,0,0
4067,221812,1,14792,14791,0,0
4068,221812,1,14791,14790,0,0
4069,221812,1,14790,14789,0,0
4070,221812,1,14789,14788,0,0
4071,221812,1,14788,14787,0,0
4072,221812,1,14787,14786,0,0
4080,223348,1,14823,14822,1,1
4081,223348,1,14822,14821,0,0
4082,223348,1,14821,14820,0,0
4083,223348,1,14820,14819,0,0
4084,223348,1,14819,14818,0,0
4085,223348,1,14818,14817,0,0
4086,223348,1,14817,14816,0,0
4087,223348,1,14816,14815,0,0
4088,223348,1,14815,14814,0,0
4089,223348,1,14814,14813,0,0
4090,223348,1,14813,14812,0,0
4091,223348,1,14812,14811,0,0
4092,223348,1,14811,14810,0,0
4093,223348,1,14810,14809,0,0
4094,223348,1,14809,14808,0,0
4095,223348,1,14808,14807,0,0
4096,223627,1,14835,14834,1,1
4097,223627,1,14834,14833,0,0
4098,223627,1,14833,14832,0,0
4099,223627,1,14832,14831,0,0
4100,226242,1,14889,14888,1,1
4101,226242,1,14888,14887,0,0
4102,226242,1,14887,14886,0,0
4103,226242,1,14886,14885,0,0
4104,226242,1,14885,14884,0,0
4105,226242,1,14884,14883,0,0
4106,226242,1,14883,14882,0,0
4107,226242,1,14882,14879,0,0
4108,226242,1,14879,14878,0,0
4109,226242,1,14878,14877,0,0
4110,226242,1,14877,14875,0,0
4111,226242,1,14875,14873,0,0
4112,226242,1,14873,14872,0,0
4113,226242,1,14872,14871,0,0
4114,226242,1,14871,14870,0,0
4115,226242,1,14870,14869,0,0
4116,226242,1,14869,14868,0,0
4117,227372,1,14903,14902,1,1
4118,227372,1,14902,14901,0,0
4119,227372,1,14901,14900,0,0
4120,227372,1,14900,14899,0,0
4121,227372,1,14899,14898,0,0
4122,227372,1,14898,14897,0,0
4123,228316,1,14919,14918,1,1
4124,228316,1,14918,14917,0,0
4125,228316,1,14917,14916,0,0
4126,228316,1,14916,14915,0,0
4127,228316,1,14915,14914,0,0
4128,228316,1,14914,14913,0,0
4129,228316,1,14913,14912,0,0
4130,228316,1,14912,14911,0,0
4131,228316,1,14911,14910,0,0
4132,228316,1,14910,14909,0,0
4133,228316,1,14909,14908,0,0
4134,228316,1,14908,14907,0,0
4135,228316,1,14907,14906,0,0
4136,228316,1,14906,14905,0,0
4137,228316,1,14905,14904,0,0
4150,228646,1,14933,14932,1,1
4151,228646,1,14932,14931,0,0
4152,228646,1,14931,14930,0,0
4153,228646,1,14930,14929,0,0
4154,228646,1,14929,14928,0,0
4155,228646,1,14928,14927,0,0
4156,228646,1,14927,14926,0,0
4157,228646,1,14926,14925,0,0
4158,228646,1,14925,14924,0,0
4159,228646,1,14924,14923,0,0
4160,228646,1,14923,14922,0,0
4161,228646,1,14922,14921,0,0
4162,228646,1,14921,14920,0,0
4163,228647,1,14959,14958,1,1
4164,228647,1,14958,14957,0,0
4165,228647,1,14957,14956,0,0
4166,228647,1,14956,14955,0,0
4167,228647,1,14955,14954,0,0
4168,228647,1,14954,14953,0,0
4169,228647,1,14953,14952,0,0
4170,228647,1,14952,14951,0,0
4171,228647,1,14951,14950,0,0
4172,228647,1,14950,14949,0,0
4173,228647,1,14949,14948,0,0
4174,228647,1,14948,14947,0,0
4175,228647,1,14947,14946,0,0
4176,230308,1,14969,14968,1,1
4177,230308,1,14968,14967,0,0
4178,230429,1,14971,14970,1,1
4179,230753,1,14980,14979,1,1
4180,230753,1,14979,14978,0,0
4181,230753,1,14978,14977,0,0
4182,230753,1,14977,14976,0,0
4183,230753,1,14976,14975,0,0
4184,230753,1,14975,14974,0,0
4185,230826,1,14982,14981,1,1
4186,233801,1,15056,15055,1,1
4187,233801,1,15055,15054,0,0
4188,233801,1,15054,15053,0,0
4189,233801,1,15053,15052,0,0
4190,233801,1,15052,15051,0,0
4202,240808,8,15083,15082,0,1
4203,240808,8,15082,15081,0,0
4208,240808,17,15073,15072,0,1
4209,240808,18,15076,15075,0,1
4210,240808,19,15086,15085,0,1
4211,240808,19,15085,15084,0,0
4213,240808,21,15078,15077,0,1
4214,240808,22,15080,15079,0,1
4216,252493,1,15134,15133,1,1
4217,252493,1,15133,15132,0,0
4219,253756,1,15147,15146,1,1
4220,253756,1,15146,15145,0,0
4221,253756,1,15145,15144,0,0
4222,253756,1,15144,15143,0,0
4223,253756,1,15143,15142,0,0
4224,253756,1,15142,15141,0,0
4225,253756,1,15141,15140,0,0
4226,253756,1,15140,15139,0,0
4227,253756,1,15139,15138,0,0
4228,253756,1,15138,15137,0,0
4229,253756,1,15137,15136,0,0
4230,253756,1,15136,15135,0,0
4273,254933,1,15158,15157,1,1
4274,254933,1,15157,15156,0,0
4275,254933,1,15156,15155,0,0
4276,254933,1,15155,15154,0,0
4277,254933,1,15154,15153,0,0
4278,254933,1,15153,15152,0,0
4279,254933,1,15152,15151,0,0
4280,254933,1,15151,15150,0,0
4281,254933,1,15150,15149,0,0
4282,255025,1,15225,15224,1,1
4283,255025,1,15224,15223,0,0
4284,255025,1,15223,15222,0,0
4285,255025,1,15222,15220,0,0
4286,255025,1,15220,15219,0,0
4287,255025,1,15219,15218,0,0
4288,255025,1,15218,15217,0,0
4292,255299,1,15236,15235,1,1
4293,255299,1,15235,15234,0,0
4294,255299,1,15234,15233,0,0
4295,255299,1,15233,15232,0,0
4296,255299,1,15232,15231,0,0
4297,255299,1,15231,15230,0,0
4298,255299,1,15230,15229,0,0
4299,255299,1,15229,15228,0,0
4300,255299,1,15228,15227,0,0
4301,255299,1,15227,15226,0,0
4313,255343,1,15242,15240,1,1
4319,255891,1,15258,15257,1,1
4320,255891,1,15257,15256,0,0
4321,256488,1,15303,15302,1,1
4322,256488,1,15302,15301,0,0
4323,256488,1,15301,15300,0,0
4324,256488,1,15300,15299,0,0
4325,256488,1,15299,15298,0,0
4326,256488,1,15298,15297,0,0
4327,256488,1,15297,15296,0,0
4328,256488,1,15296,15295,0,0
4329,256488,1,15295,15294,0,0
4330,256488,1,15294,15293,0,0
4331,256488,1,15293,15292,0,0
4332,256488,1,15292,15291,0,0
4333,256488,1,15291,15290,0,0
4334,256488,1,15290,15289,0,0
4335,256488,1,15289,15288,0,0
4336,256488,1,15288,15287,0,0
4337,256488,1,15287,15286,0,0
4338,256488,1,15286,15285,0,0
4339,256488,1,15285,15284,0,0
4340,256488,1,15284,15283,0,0
4341,256488,1,15283,15282,0,0
4342,256488,1,15282,15281,0,0
4343,256488,1,15281,15280,0,0
4344,256488,1,15280,15279,0,0
4345,256488,1,15279,15278,0,0
4346,256488,1,15278,15277,0,0
4347,256488,1,15277,15276,0,0
4348,256488,1,15276,15275,0,0
4349,256488,1,15275,15274,0,0
4350,256488,1,15274,15273,0,0
4351,256488,1,15273,15272,0,0
4352,256488,1,15272,15271,0,0
4353,256488,1,15271,15270,0,0
4354,256488,1,15270,15269,0,0
4355,256488,1,15269,15268,0,0
4356,256488,1,15268,15267,0,0
4357,256488,1,15267,15266,0,0
4358,256488,1,15266,15265,0,0
4359,261479,1,15401,15397,1,1
4360,261479,1,15397,15396,0,0
4361,261479,1,15396,15394,0,0
4362,261479,1,15394,15393,0,0
4363,263388,1,15416,15415,1,1
4365,265864,1,15421,15420,1,1
4366,268650,1,15467,15466,1,1
4367,268650,1,15466,15465,0,0
4368,268650,1,15465,15464,0,0
4369,268650,1,15464,15463,0,0
4370,268650,1,15463,15462,0,0
4371,268650,1,15462,15461,0,0
4372,268650,1,15461,15460,0,0
4373,268650,1,15460,15459,0,0
4374,269853,1,15482,15480,1,1
4375,269853,1,15480,15479,0,0
4376,269853,1,15479,15478,0,0
4377,269853,1,15478,15477,0,0
4378,269853,1,15477,15476,0,0
4379,269853,1,15476,15475,0,0
4380,272428,1,15492,15491,1,1
4381,272428,1,15491,15490,0,0
4382,272428,1,15490,15489,0,0
4383,272428,1,15489,15488,0,0
4384,272428,1,15488,15487,0,0
4385,272428,1,15487,15486,0,0
4386,272428,1,15486,15485,0,0
4387,272610,1,15510,15509,1,1
4388,272610,1,15509,15508,0,0
4389,272610,1,15508,15507,0,0
4390,272610,1,15507,15506,0,0
4391,272610,1,15506,15505,0,0
4392,272610,1,15505,15504,0,0
4393,272610,1,15504,15503,0,0
4394,272610,1,15503,15502,0,0
4395,272610,1,15502,15501,0,0
4396,272610,1,15501,15500,0,0
4397,272610,1,15500,15499,0,0
4398,272610,1,15499,15498,0,0
4399,272610,1,15498,15497,0,0
4400,272610,1,15497,15496,0,0
4401,272610,1,15496,15495,0,0
4402,272610,1,15495,15494,0,0
4403,272610,1,15494,15493,0,0
4404,273229,1,15524,15521,1,1
4405,273229,1,15521,15520,0,0
4406,273229,1,15520,15519,0,0
4407,273229,1,15519,15518,0,0
4408,273229,1,15518,15517,0,0
4409,273229,1,15517,15516,0,0
4410,273229,1,15516,15515,0,0
4411,273229,1,15515,15514,0,0
4412,273229,1,15514,15513,0,0
4413,273229,1,15513,15512,0,0
4419,274175,1,15571,15570,1,1
4420,274175,1,15570,15569,0,0
4421,274175,1,15569,15568,0,0
4422,274175,1,15568,15567,0,0
4423,274175,1,15567,15566,0,0
4424,274175,1,15566,15565,0,0
4425,274175,1,15565,15564,0,0
4426,274175,1,15564,15563,0,0
4427,274175,1,15563,15561,0,0
4428,274175,1,15561,15560,0,0
4429,274175,1,15560,15559,0,0
4430,274175,1,15559,15557,0,0
4431,274175,10,15541,15540,0,1
